"subnum","year","placeval","ravens","wiat","woodcock","arith","wholegroupsums","abacus","age","female","condition","verbalwm","spatialwm","ans","english","math","science","computer","music","art","phys.ed","attendance","mental.rot"
1,0,0.181818182,NA,NA,0.302325581,0.208333333,NA,1,6.4,0,"abacus",1.92,3.67,0.54,95,97,99,88,84,86,79,250,0.166666666666667
1,1,0.545454545,0.416666667,0.375,0.395348837,0.354166667,NA,1,6.4,0,"abacus",4.21,3.71,0.13,98,98,99,87,74,86,87,233,0.46875
1,2,0.909090909,0.5,0.4375,0.441860465,0.541666667,0.614285714,1,6.4,0,"abacus",3.88,4.79,0.17,94,95,94,78,70,78,93,237,0.625
1,3,1,0.375,0.5625,0.604651163,0.791666667,0.7,1,6.4,0,"abacus",3.79,3.67,0.13,92,91,92,76,56,84,81,238,0.59375
10,0,0.272727273,NA,NA,0.209302326,0.145833333,NA,0,6.4,0,"control",2.12,1.46,0.59,85,89,94,82,90,88,75,238,0.125
10,1,0.090909091,0.666666667,0.3125,0.325581395,0.125,NA,0,6.4,0,"control",4.21,1.33,0.15,87,78,92,61,78,86,87,228,0.270833333333333
10,2,0.363636364,0.416666667,0.28125,0.395348837,0.25,0.264285714,0,6.4,0,"control",4.67,3.79,0.09,71,67,69,57,73,75,81,228,0.614583333333333
10,3,1,0.625,0.46875,0.465116279,0.354166667,0.492857143,0,6.4,0,"control",4.25,5.12,0.12,79,62,54,66,63,82,84,217,0.583333333333333
100,0,0.181818182,0.25,0.1875,0.325581395,0.1875,NA,0,6.8,0,"control",3.67,3.67,0.1,76,89,81,88,88,88,80,249,0.302083333333333
100,1,0.363636364,0.583333333,0.375,0.441860465,0.208333333,NA,0,6.8,0,"control",4.25,2.96,0.1,93,97,99,70,79,86,84,240,0.791666666666667
100,2,0.636363636,0.375,0.46875,0.465116279,0.4375,0.428571429,0,6.8,0,"control",2.88,4.25,0.06,92,87,95,81,75,84,85,236,0.479166666666667
100,3,1,0.791666667,0.65625,0.581395349,0.520833333,0.485714286,0,6.8,0,"control",4.46,4.38,0.08,91,94,87,80,76,86,83,226,0.833333333333333
101,0,0.181818182,0.083333333,0.0625,0.279069767,0.104166667,NA,0,5.9,1,"control",1.79,2.88,NA,50,66,70,66,89,86,76,238,-0.125
101,1,0,0.416666667,0.125,0.186046512,0.104166667,NA,0,5.9,1,"control",4,3.17,NA,67,62,77,68,80,86,87,225,0.166666666666667
101,2,0.272727273,0.25,0.25,0.279069767,0.270833333,0.121428571,0,5.9,1,"control",3.17,2.58,0.15,60,55,63,69,74,77,85,230,0.239583333333333
101,3,0.6,0.166666667,0.28125,0.418604651,0.25,0.271428571,0,5.9,1,"control",3.12,4.83,0.17,60,56,48,64,58,86,84,228,0.125
102,0,0.454545455,0.666666667,0.125,0.279069767,0.208333333,NA,1,7,0,"abacus",3.71,3.71,0.38,92,96,96,40,88,86,85,240,0.625
102,1,0.181818182,0.75,0.25,0.348837209,0.25,NA,1,7,0,"abacus",4,3.79,0.42,92,86,97,72,80,86,88,227,0.635416666666667
102,2,0.636363636,0.583333333,0.34375,0.395348837,0.395833333,0.478571429,1,7,0,"abacus",2.92,5.58,0.15,88,74,90,72,71,78,85,226,0.708333333333333
102,3,0.6,0.5,0.46875,0.511627907,0.395833333,0.564285714,1,7,0,"abacus",4.67,5.25,0.14,82,77,89,82,68,80,82,228,0.8125
104,0,0.272727273,0.5,0.09375,0.23255814,0.125,NA,1,6.8,0,"abacus",2.79,1.96,0.54,74,81,82,74,88,84,75,251,0.135416666666667
104,1,0,0.583333333,0.15625,0.23255814,0.145833333,NA,1,6.8,0,"abacus",3.17,3.67,0.1,61,71,69,73,79,86,89,236,0.46875
104,2,0.636363636,0.541666667,0.34375,0.372093023,0.270833333,0.335714286,1,6.8,0,"abacus",4.25,4.38,0.27,54,43,59,68,75,69,83,236,0.427083333333333
104,3,0.7,0.541666667,0.375,0.372093023,0.354166667,0.428571429,1,6.8,0,"abacus",3.96,4.12,0.21,65,54,50,64,63,78,83,232,0.229166666666667
105,0,0.181818182,0.583333333,NA,0.046511628,0.083333333,NA,1,6.8,1,"abacus",2.5,1.88,0.61,54,74,71,66,87,84,76,250,0.322916666666667
105,1,0,0.5,0.21875,0.279069767,0.0625,NA,1,6.8,1,"abacus",4.04,2.83,0.15,52,69,60,57,77,86,86,236,0.21875
105,2,0,0.416666667,0.21875,0.255813953,0.208333333,0.107142857,1,6.8,1,"abacus",3.08,2.62,0.21,34,37,36,62,74,73,75,236,0.3125
105,3,0,0.25,0.28125,0.372093023,0.208333333,0.121428571,1,6.8,1,"abacus",3.54,2.21,0.15,41,46,37,62,67,82,80,232,0.229166666666667
106,0,0.272727273,0.75,0.09375,0.302325581,0.166666667,NA,0,6.8,0,"control",3.12,2.83,0.14,61,79,77,84,86,82,75,217,-0.104166666666667
106,1,0.090909091,0.583333333,0.25,0.23255814,0.125,NA,0,6.8,0,"control",2.96,3,NA,54,58,60,57,80,88,86,217,0.375
106,2,0.727272727,NA,0.40625,0.348837209,0.291666667,0.135714286,0,6.8,0,"control",5.04,3.75,0.13,63,64,64,61,69,82,89,213,0.604166666666667
106,3,1,0.375,0.4375,0.511627907,0.375,0.414285714,0,6.8,0,"control",3.88,5.96,0.08,64,60,34,68,68,82,83,182,NA
107,0,0.272727273,0.666666667,0.03125,0.162790698,0.145833333,NA,1,6.4,1,"abacus",3.38,2.21,0.42,76,85,84,76,88,84,80,236,0.208333333333333
107,1,0.181818182,0.5,0.21875,0.325581395,0.229166667,NA,1,6.4,1,"abacus",3.46,3.17,0.1,84,88,87,73,84,88,89,235,0.520833333333333
107,2,0.727272727,0.458333333,0.28125,0.418604651,0.291666667,0.235714286,1,6.4,1,"abacus",4.29,3.42,0.16,79,69,82,78,79,79,82,240,0.572916666666667
107,3,1,0.791666667,0.40625,0.465116279,0.416666667,0.471428571,1,6.4,1,"abacus",3.12,3.75,0.2,88,75,77,70,71,90,85,236,0.645833333333333
108,0,0.090909091,0.5,0.0625,0.069767442,0.229166667,NA,1,6.8,1,"abacus",2.33,2.46,0.42,91,92,94,78,91,92,80,246,0.3125
108,1,0.090909091,0.666666667,0.3125,0.348837209,0.25,NA,1,6.8,1,"abacus",3.88,3.67,0.16,90,90,98,74,78,88,86,232,0.604166666666667
108,2,0,0.416666667,0.3125,0.348837209,0.375,0.228571429,1,6.8,1,"abacus",3.62,4.88,0.13,67,77,73,62,75,79,74,226,0.364583333333333
108,3,0.3,0.583333333,0.4375,0.441860465,0.541666667,0.685714286,1,6.8,1,"abacus",4.17,5,0.16,84,76,74,64,87,88,81,225,0.479166666666667
109,0,0.636363636,0.333333333,0.15625,0.255813953,0.166666667,NA,1,6.1,0,"abacus",3.04,4.33,0.38,70,89,84,80,92,86,84,241,0.4375
109,1,0.909090909,0.5,0.375,0.372093023,0.291666667,NA,1,6.1,0,"abacus",3.33,3.33,0.12,86,79,89,63,87,84,87,217,0.520833333333333
109,2,1,0.5,0.375,0.465116279,0.354166667,0.271428571,1,6.1,0,"abacus",4.08,4.79,0.15,78,78,75,75,69,79,83,222,0.479166666666667
109,3,1,0.625,0.375,0.465116279,0.416666667,0.135714286,1,6.1,0,"abacus",4.75,4.75,0.08,78,78,55,62,67,86,79,236,0.447916666666667
11,0,0.272727273,0.25,0.125,0.186046512,0.083333333,NA,0,6.2,0,"control",2.58,3.67,0.43,71,80,76,72,91,84,79,247,0.270833333333333
11,1,0.090909091,0.333333333,0.09375,0.23255814,0.104166667,NA,0,6.2,0,"control",3.92,3.46,0.15,66,64,81,66,80,86,85,220,0.333333333333333
11,2,0.454545455,0.541666667,0.28125,0.372093023,0,0.342857143,0,6.2,0,"control",4.54,4.08,0.17,67,55,58,64,77,76,79,224,0.40625
11,3,0.5,0.625,0.3125,0.418604651,0.291666667,0.428571429,0,6.2,0,"control",3.5,3.29,0.09,67,58,59,64,77,80,83,227,0.489583333333333
110,0,0.363636364,0.666666667,0.25,0.302325581,0.291666667,NA,1,6.8,0,"abacus",3.58,4.33,0.26,89,95,94,88,89,88,80,236,0.21875
110,1,0.454545455,0.75,0.28125,0.348837209,0.375,NA,1,6.8,0,"abacus",3.21,4.17,0.15,87,92,96,83,79,82,87,238,0.5
110,2,0.636363636,0.458333333,0.46875,0.372093023,0.541666667,0.7,1,6.8,0,"abacus",3.92,3.12,0.1,71,84,72,75,72,70,84,243,0.354166666666667
110,3,0.5,0.25,0.5625,0.465116279,0.75,0.785714286,1,6.8,0,"abacus",4.25,3.92,0.08,62,82,50,78,62,86,82,234,0.520833333333333
111,0,0.272727273,0.75,0.125,0.255813953,0.104166667,NA,0,6.2,0,"control",1.21,2.79,0.48,93,95,100,94,89,86,75,247,0.3125
111,1,0.636363636,0.666666667,0.28125,0.372093023,0.208333333,NA,0,6.2,0,"control",3.04,4.25,0.19,91,92,93,93,78,86,88,234,0.458333333333333
111,2,0.909090909,0.916666667,0.3125,0.372093023,0.229166667,0.364285714,0,6.2,0,"control",4.21,3.96,0.2,80,82,89,85,78,77,87,224,0.625
111,3,1,0.791666667,0.53125,0.441860465,0.208333333,0.342857143,0,6.2,0,"control",3.17,3.46,0.17,76,79,78,76,63,88,85,231,0.520833333333333
112,0,0.181818182,0.75,0.03125,0.255813953,0.125,NA,0,6.7,0,"control",3.46,5.21,0.6,45,73,49,54,86,84,79,241,0.520833333333333
112,1,0.181818182,0.666666667,0.21875,0.325581395,0.145833333,NA,0,6.7,0,"control",3.46,1.96,0.41,52,70,55,60,76,86,87,233,0.541666666666667
112,2,0.363636364,0.541666667,0.4375,0.418604651,0.3125,0.285714286,0,6.7,0,"control",2.38,3.96,0.2,69,67,71,73,72,81,80,239,0.729166666666667
112,3,0.9,0.5,0.5625,0.488372093,0.395833333,0.442857143,0,6.7,0,"control",2.54,4.08,0.27,63,73,56,66,62,82,83,224,0.677083333333333
114,0,0.181818182,0.166666667,0.09375,0.255813953,0.145833333,NA,0,6.6,0,"control",3.21,2.62,0.41,81,88,88,80,90,86,84,233,0.5
114,1,0.818181818,0.916666667,0.28125,0.372093023,0.125,NA,0,6.6,0,"control",4.17,3.83,0.14,89,84,91,56,82,86,85,222,0.625
114,2,1,0.708333333,0.25,0.372093023,0.270833333,0.271428571,0,6.6,0,"control",6,4.29,0.13,85,74,88,68,72,80,87,230,0.802083333333333
114,3,1,0.583333333,0.59375,0.465116279,0.375,0.392857143,0,6.6,0,"control",3.83,3.29,0.25,90,91,85,72,74,90,83,220,0.84375
115,0,0.363636364,0.666666667,0.125,0.279069767,0.125,NA,0,6.5,1,"control",3.12,3.21,0.32,89,96,96,82,84,90,76,243,0.25
115,1,0.727272727,0.083333333,0.28125,0.348837209,0.1875,NA,0,6.5,1,"control",4.08,3.25,0.18,94,92,96,81,83,90,84,235,0.0833333333333333
115,2,0.454545455,0.541666667,0.34375,0.395348837,0.354166667,0.4,0,6.5,1,"control",5.17,4.25,0.2,83,80,82,78,79,81,78,241,NA
115,3,0.8,0.666666667,0.46875,0.488372093,0.4375,0.471428571,0,6.5,1,"control",3.08,3.67,0.13,79,84,58,80,65,92,81,238,0.354166666666667
116,0,0.363636364,0.416666667,0.15625,0.186046512,0.083333333,NA,1,6.9,1,"abacus",2.54,3,0.12,74,89,77,68,89,90,80,247,0.104166666666667
116,1,0,0.583333333,0.375,0.395348837,0.291666667,NA,1,6.9,1,"abacus",3.92,5,0.16,91,91,94,76,78,92,87,235,0.458333333333333
116,2,0.181818182,0.583333333,0.375,0.441860465,0.4375,0.428571429,1,6.9,1,"abacus",4.67,5.17,0.17,80,74,78,78,80,88,78,237,0.520833333333333
116,3,0.7,0.333333333,0.53125,0.581395349,0.5625,0.742857143,1,6.9,1,"abacus",3.5,4.33,0.11,72,77,53,72,83,92,81,229,0.5625
117,0,0.363636364,0.416666667,0.09375,0.162790698,0.208333333,NA,1,6.4,0,"abacus",4.25,3.46,0.5,59,85,63,64,91,90,80,240,0.510416666666667
117,1,0,0.833333333,0.25,0.372093023,0.208333333,NA,1,6.4,0,"abacus",3.38,4.88,0.18,75,83,79,35,75,80,87,220,0.666666666666667
117,2,0.363636364,0.666666667,0.4375,0.372093023,0.375,0.335714286,1,6.4,0,"abacus",3.62,4.21,0.2,64,69,70,70,70,81,84,222,0.791666666666667
117,3,1,0.708333333,0.5,0.418604651,0.395833333,0.535714286,1,6.4,0,"abacus",5.17,5,0.2,66,72,50,64,71,86,81,214,0.854166666666667
119,0,0.545454545,0.5,0.125,0.162790698,0.125,NA,0,6.8,1,"control",2.29,2.04,0.28,80,98,84,80,90,88,75,240,0.166666666666667
119,1,0,0.833333333,0.28125,0.302325581,0.145833333,NA,0,6.8,1,"control",3.29,4,0.2,78,83,87,53,81,84,87,219,0.354166666666667
119,2,0.545454545,0.666666667,0.34375,0.372093023,0.1875,0.385714286,0,6.8,1,"control",2.92,4,0.13,72,77,67,63,82,79,87,223,0.40625
119,3,0.6,0.833333333,0.53125,0.488372093,0.3125,0.435714286,0,6.8,1,"control",3.33,2.25,0.2,85,80,68,74,76,88,84,221,0.40625
12,0,0.181818182,0.666666667,0.09375,0.255813953,0.145833333,NA,0,6.5,0,"control",2.12,1.79,0.23,95,98,100,94,92,88,80,225,0.541666666666667
12,1,0.545454545,0.916666667,0.15625,0.302325581,0.1875,NA,0,6.5,0,"control",3.38,3,0.19,96,96,99,90,84,94,88,230,0.625
12,2,1,0.833333333,0.28125,0.441860465,0.291666667,0.4,0,6.5,0,"control",4.33,3.54,0.12,90,91,96,79,78,79,72,235,0.760416666666667
12,3,1,0.708333333,0.53125,0.558139535,0.5625,0.528571429,0,6.5,0,"control",4.96,5.79,0.09,93,87,90,84,77,88,81,232,0.885416666666667
122,0,0.181818182,0.333333333,0.09375,0.302325581,0.125,NA,0,6.7,0,"control",2.29,1.88,0.46,82,94,92,84,89,82,81,243,0.395833333333333
122,1,0.090909091,0.083333333,0.25,0.302325581,0.208333333,NA,0,6.7,0,"control",2.33,2.75,0.08,79,70,90,54,81,84,87,230,0.229166666666667
122,2,0.181818182,0.125,0.28125,0.348837209,0.041666667,0.378571429,0,6.7,0,"control",3.5,3.42,0.12,51,56,66,78,79,79,89,233,0.354166666666667
122,3,0.3,0.125,0.4375,0.418604651,0.395833333,0.414285714,0,6.7,0,"control",4.96,3.58,0.08,62,54,50,62,57,72,82,226,0.520833333333333
123,0,0.090909091,0.583333333,0.09375,0.302325581,0.083333333,NA,0,6.6,0,"control",3.75,3.58,0.57,68,90,77,80,90,82,86,247,0.364583333333333
123,1,0,0.666666667,0.21875,0.372093023,0.125,NA,0,6.6,0,"control",3.12,4.83,0.13,85,88,92,75,83,82,86,229,0.59375
123,2,0.363636364,0.791666667,0.34375,0.279069767,0.25,0.335714286,0,6.6,0,"control",2.96,3.5,0.11,61,65,58,76,68,80,89,223,0.541666666666667
123,3,0.7,0.666666667,0.53125,0.441860465,0.4375,0.392857143,0,6.6,0,"control",3.83,4.79,0.1,48,57,33,72,58,86,84,218,0.65625
124,0,0.090909091,0.333333333,0.15625,0.23255814,0.125,NA,0,6.9,0,"control",2.08,1.62,0.4,72,76,87,84,86,88,79,234,0.552083333333333
124,1,0.545454545,0.166666667,0.28125,0.395348837,0.166666667,NA,0,6.9,0,"control",2.88,1.96,0.26,75,88,87,66,78,88,89,227,0.59375
124,2,0,0.541666667,0.46875,0.441860465,0.291666667,0.442857143,0,6.9,0,"control",2.54,1.62,0.19,75,73,65,69,73,77,88,230,0.625
124,3,0.9,0.833333333,0.46875,0.465116279,0.395833333,0.535714286,0,6.9,0,"control",4.5,2.88,0.29,81,76,61,74,65,92,86,226,0.572916666666667
125,0,0.454545455,0.583333333,0.1875,0.302325581,0.0625,NA,0,6.5,0,"control",NA,NA,NA,72,95,81,64,85,86,85,241,0.6875
125,1,0,0.833333333,0.25,0.325581395,0.104166667,NA,0,6.5,0,"control",2.29,1.62,0.21,89,89,98,66,76,84,85,233,0.520833333333333
125,2,0.363636364,0.708333333,0.375,0.418604651,0.25,0.4,0,6.5,0,"control",3.25,1.29,0.13,73,76,83,59,73,75,85,229,0.854166666666667
125,3,0.7,0.833333333,0.53125,0.488372093,0.520833333,0.485714286,0,6.5,0,"control",3.67,5.71,0.15,81,78,78,68,63,90,80,237,0.854166666666667
127,0,0.363636364,0.666666667,NA,0.255813953,0.145833333,NA,0,6.7,0,"control",3,2.67,0.42,75,89,88,80,88,92,75,249,0.15625
127,1,0.272727273,0.5,0.15625,0.325581395,0.104166667,NA,0,6.7,0,"control",4,2.83,0.2,72,75,80,68,82,86,88,237,0.375
127,2,0.909090909,0.625,0.28125,0.348837209,0.104166667,0.185714286,0,6.7,0,"control",4.17,3.79,0.15,48,57,61,63,74,74,87,240,0.53125
127,3,1,0.708333333,0.5,0.488372093,0.291666667,0.25,0,6.7,0,"control",3.04,2.92,0.11,48,62,43,72,60,84,86,225,0.6875
128,0,0.454545455,0.75,0.125,0.23255814,0.104166667,NA,1,6.5,0,"abacus",4.42,2.75,0.23,39,78,49,58,91,86,81,245,0.479166666666667
128,1,0,0.833333333,0.25,0.348837209,0.145833333,NA,1,6.5,0,"abacus",4.5,3.46,0.11,55,76,64,67,78,84,89,229,0.510416666666667
128,2,1,0.958333333,0.34375,0.395348837,0.375,0.35,1,6.5,0,"abacus",3.25,3.38,0.09,34,62,39,66,76,72,77,232,0.6875
128,3,1,0.666666667,0.34375,0.395348837,0.395833333,0.314285714,1,6.5,0,"abacus",2.92,4.12,0.13,48,69,35,78,62,86,81,222,0.604166666666667
129,0,0.363636364,0.666666667,0.15625,0.279069767,0.208333333,NA,1,5.9,0,"abacus",3,3.58,0.29,84,88,88,84,84,84,74,242,0.21875
129,1,0.545454545,0.416666667,0.21875,0.302325581,0.145833333,NA,1,5.9,0,"abacus",4.46,3.75,0.12,91,87,95,87,74,80,87,236,0.135416666666667
129,2,0.363636364,0.208333333,0.34375,0.372093023,0.291666667,0.335714286,1,5.9,0,"abacus",3.08,3.29,0.17,80,84,86,73,75,70,84,237,0.489583333333333
129,3,1,0.458333333,0.59375,0.534883721,0.5,0.328571429,1,5.9,0,"abacus",4.04,2.42,0.17,73,74,74,76,68,90,80,232,0.65625
13,0,0.454545455,0.75,0.21875,0.348837209,0.1875,NA,1,6.2,0,"abacus",3.17,3.12,0.11,98,99,100,92,88,86,80,245,0.416666666666667
13,1,1,0.75,0.5,0.441860465,0.416666667,NA,1,6.2,0,"abacus",4.67,4.04,0.13,98,100,100,89,80,82,87,237,0.5625
13,2,1,0.583333333,0.53125,0.511627907,0.520833333,0.542857143,1,6.2,0,"abacus",4.67,4.21,0.19,95,91,99,74,78,79,76,237,0.708333333333333
13,3,1,0.708333333,0.6875,0.604651163,0.791666667,0.921428571,1,6.2,0,"abacus",5.42,4.33,0.08,94,98,96,88,85,90,84,224,0.708333333333333
130,0,0.181818182,0.666666667,0.1875,0.302325581,0.0625,NA,1,6.2,1,"abacus",1.92,3.04,0.35,64,87,82,62,85,88,75,242,0.208333333333333
130,1,0,0.75,0.3125,0.395348837,0.333333333,NA,1,6.2,1,"abacus",3.12,4.71,0.13,91,94,90,69,79,92,87,236,0.572916666666667
130,2,0.909090909,0.625,0.4375,0.488372093,0.416666667,0.3,1,6.2,1,"abacus",4.96,4.62,0.1,66,81,72,76,76,84,80,239,0.729166666666667
130,3,1,0.791666667,0.46875,0.558139535,0.458333333,0.285714286,1,6.2,1,"abacus",4.38,5.46,0.12,77,86,70,68,87,86,81,232,0.645833333333333
131,0,0.454545455,0.5,0.0625,0.162790698,0.0625,NA,0,6.5,1,"control",1.12,1.79,0.64,61,89,83,62,91,84,75,245,0.104166666666667
131,1,0.090909091,0.583333333,0.21875,0.279069767,0.229166667,NA,0,6.5,1,"control",2.42,1.25,0.12,62,78,85,56,80,82,89,233,0.166666666666667
131,2,0.272727273,0.416666667,0.375,0.465116279,0.270833333,0.45,0,6.5,1,"control",3.62,4.08,0.08,33,45,38,68,77,78,85,235,0.385416666666667
131,3,0.1,0.375,0.3125,0.395348837,0.291666667,0.471428571,0,6.5,1,"control",4.12,4.5,0.13,53,60,31,74,73,90,82,229,0.458333333333333
133,0,0.454545455,0.666666667,0.1875,0.255813953,0.145833333,NA,1,7.7,0,"abacus",1.46,1.17,0.24,76,88,82,76,88,84,81,246,0.239583333333333
133,1,0.090909091,0.75,0.25,0.348837209,0.125,NA,1,7.7,0,"abacus",2.75,2.33,0.14,85,85,85,68,79,90,85,230,0.260416666666667
133,2,0.363636364,0.583333333,0.34375,0.325581395,0.208333333,0.271428571,1,7.7,0,"abacus",4,2.12,0.11,75,61,59,74,72,86,83,231,0.416666666666667
133,3,0.3,0.541666667,0.34375,0.418604651,0.229166667,0.442857143,1,7.7,0,"abacus",3.12,3.46,0.15,70,61,49,68,80,86,85,219,0.427083333333333
134,0,0.272727273,0.583333333,0.15625,0.255813953,0.166666667,NA,1,7.1,0,"abacus",2.67,1.96,0.47,93,91,99,82,91,90,79,240,0.416666666666667
134,1,1,0.583333333,0.34375,0.325581395,0.1875,NA,1,7.1,0,"abacus",3.33,4.12,0.12,94,93,99,90,84,90,86,237,0.34375
134,2,1,0.875,0.46875,0.465116279,0.3125,0.342857143,1,7.1,0,"abacus",3.67,3.5,0.11,88,81,86,79,80,83,84,235,0.364583333333333
134,3,1,0.666666667,0.5625,0.511627907,0.458333333,0.5,1,7.1,0,"abacus",3.04,5.08,0.1,80,84,68,62,73,92,85,224,0.552083333333333
135,0,0.363636364,0.583333333,0.125,0.302325581,0.166666667,NA,0,7,0,"control",1.67,1.96,0.49,75,92,91,80,88,82,75,245,0.3125
135,1,0.454545455,0.5,0.25,0.325581395,0.229166667,NA,0,7,0,"control",2.96,1.92,0.21,81,89,97,66,74,86,85,232,0.166666666666667
135,2,0.545454545,0.375,0.4375,0.395348837,0.25,0.178571429,0,7,0,"control",2.46,2.12,0.19,71,84,74,74,60,76,75,237,0.59375
135,3,0.7,0.625,0.5625,0.511627907,0.4375,0.364285714,0,7,0,"control",2.46,5.17,0.13,73,80,59,76,70,88,82,237,0.875
136,0,0.181818182,0.583333333,0.09375,0.209302326,0.104166667,NA,1,6.7,0,"abacus",1.5,1.67,0.71,81,92,88,80,88,88,81,244,0.104166666666667
136,1,0.363636364,0.5,0.21875,0.279069767,0.1875,NA,1,6.7,0,"abacus",3.12,3.67,0.26,91,83,92,79,79,88,86,235,0.291666666666667
136,2,0,0.333333333,0.1875,0.348837209,0.145833333,0.214285714,1,6.7,0,"abacus",3.38,1.79,0.33,75,61,84,57,76,84,78,243,0.21875
136,3,0.6,0.458333333,0.40625,0.441860465,0.25,0.314285714,1,6.7,0,"abacus",5.33,2.96,0.2,75,61,52,68,70,82,83,232,0.208333333333333
137,0,0.272727273,0.583333333,0.15625,0.209302326,0.083333333,NA,1,7,1,"abacus",2.88,2,0.23,71,83,83,38,83,84,80,241,0.28125
137,1,0.090909091,0.083333333,0.1875,0.325581395,0.104166667,NA,1,7,1,"abacus",3.08,3,0.12,82,80,88,63,78,90,86,239,0.46875
137,2,0,0.416666667,0.25,0.325581395,0.166666667,0.114285714,1,7,1,"abacus",3.08,3.67,0.1,49,71,66,74,72,84,85,238,0.229166666666667
137,3,0,0.375,0.46875,0.395348837,0.270833333,0.064285714,1,7,1,"abacus",3.88,3.38,0.17,49,53,49,68,66,82,85,235,0.479166666666667
138,0,0.454545455,0.25,0.15625,0.162790698,0.125,NA,1,7.5,0,"abacus",2.58,1.75,0.4,68,81,76,76,90,90,79,236,0.739583333333333
138,1,0,0.416666667,0.1875,0.302325581,0.083333333,NA,1,7.5,0,"abacus",4.46,2.67,0.19,82,84,89,65,80,84,88,226,0.572916666666667
138,2,0.272727273,0.5,0.1875,0.325581395,0.166666667,0.257142857,1,7.5,0,"abacus",3.88,2.79,0.11,42,49,50,69,72,75,81,226,0.458333333333333
138,3,0.7,0.583333333,0.25,0.372093023,0.208333333,0.157142857,1,7.5,0,"abacus",3.17,4.33,0.08,39,41,34,62,62,90,81,227,0.625
139,0,0.272727273,0.416666667,0.03125,0.186046512,0.0625,NA,0,6.2,1,"control",1.33,1.62,NA,36,63,61,54,84,88,76,246,0.03125
139,1,0,0.416666667,0.03125,0.11627907,0.041666667,NA,0,6.2,1,"control",1.42,1.58,0.19,53,48,57,51,78,80,85,224,-0.0208333333333333
139,2,0,0.375,0.1875,0.279069767,NA,0.078571429,0,6.2,1,"control",3.58,3.42,0.25,46,33,52,73,79,65,68,213,0.104166666666667
139,3,0.2,0.25,0.1875,0.348837209,0.125,0.164285714,0,6.2,1,"control",2.12,2.96,0.18,59,60,50,74,69,86,80,215,0.1875
14,0,0.454545455,0.5,NA,0.255813953,0.166666667,NA,0,7.1,0,"control",3.54,4.58,0.24,75,95,82,72,89,86,79,239,0.322916666666667
14,1,0.090909091,0.75,0.1875,0.302325581,0.229166667,NA,0,7.1,0,"control",3.58,4.54,0.16,79,86,89,71,79,88,87,229,0.604166666666667
14,2,0.636363636,0.833333333,0.40625,0.348837209,0.270833333,0.371428571,0,7.1,0,"control",4.46,3.46,0.08,58,67,83,72,73,78,86,226,0.6875
14,3,0.9,0.791666667,0.46875,0.511627907,0.3125,0.457142857,0,7.1,0,"control",3.33,5.29,0.08,88,68,60,68,60,88,81,231,0.739583333333333
141,0,0.272727273,0.666666667,0.15625,0.279069767,0.208333333,NA,1,7.1,1,"abacus",3.46,3.42,0.4,92,97,97,80,91,88,75,249,-0.0104166666666667
141,1,0.454545455,0.5,0.21875,0.372093023,0.270833333,NA,1,7.1,1,"abacus",3.92,4.08,0.13,93,98,99,74,82,86,87,234,0.322916666666667
141,2,0.818181818,0.5,0.4375,0.441860465,0.395833333,0.5,1,7.1,1,"abacus",3.67,4.25,0.19,72,82,80,80,82,80,71,237,0.46875
141,3,1,0.625,0.53125,0.511627907,0.5625,0.728571429,1,7.1,1,"abacus",4.25,4.92,0.09,77,78,68,80,81,86,81,215,0.416666666666667
142,0,0.181818182,0.583333333,0.09375,0.139534884,0.0625,NA,1,5.7,1,"abacus",1.29,1.42,NA,31,65,60,50,88,84,76,220,0.135416666666667
142,1,0,0.083333333,0.09375,0.23255814,0.041666667,NA,1,5.7,1,"abacus",2.71,4.25,0.57,41,64,66,56,73,90,87,226,0.125
142,2,0,0.458333333,0.1875,0.23255814,0.145833333,0.157142857,1,5.7,1,"abacus",3.29,2.92,0.12,26,34,33,67,76,84,82,227,0.25
142,3,0,0.458333333,0.3125,0.372093023,0.166666667,0.321428571,1,5.7,1,"abacus",3.92,1.96,0.14,43,40,33,64,69,88,86,238,0.385416666666667
144,0,0.363636364,NA,0.09375,0.186046512,0.041666667,NA,1,5.8,0,"abacus",2.88,1.46,0.6,87,90,90,76,86,88,75,250,NA
144,1,0.818181818,0.666666667,0.25,0.325581395,0.208333333,NA,1,5.8,0,"abacus",4.12,3.17,0.09,91,88,98,84,78,86,87,236,0.354166666666667
144,2,1,0.583333333,0.4375,0.441860465,0.375,0.378571429,1,5.8,0,"abacus",2.92,3.04,0.16,91,92,98,76,74,78,83,241,0.28125
144,3,1,0.625,0.5,0.418604651,0.541666667,0.607142857,1,5.8,0,"abacus",4.83,3.5,0.1,86,82,87,82,69,90,81,230,0.385416666666667
145,0,0.181818182,0.833333333,0.0625,0.255813953,0.0625,NA,1,6.8,1,"abacus",3.62,2.67,0.38,61,82,78,62,89,88,79,236,0.375
145,1,0.090909091,0.916666667,0.125,0.255813953,0.0625,NA,1,6.8,1,"abacus",4.5,5.92,0.13,51,71,48,64,81,90,89,225,0.4375
145,2,0.272727273,0.75,0.3125,0.372093023,0.3125,0.178571429,1,6.8,1,"abacus",4.75,6.96,0.22,25,62,33,68,74,81,88,232,0.5
145,3,0.6,0.666666667,0.53125,0.465116279,0.354166667,0.5,1,6.8,1,"abacus",5.88,5,0.14,43,65,27,64,68,92,84,220,0.78125
146,0,0.454545455,0.666666667,0.125,0.209302326,0.1875,NA,0,7.3,0,"control",3.08,4.83,0.29,83,96,94,96,88,92,80,250,0.322916666666667
146,1,0.545454545,0.666666667,0.28125,0.302325581,0.208333333,NA,0,7.3,0,"control",2.92,4.17,0.13,92,94,94,80,82,92,85,237,0.395833333333333
146,2,0.545454545,0.75,0.34375,0.395348837,0.375,0.421428571,0,7.3,0,"control",2.5,4.08,0.11,75,85,87,76,74,82,88,245,0.59375
146,3,1,0.5,0.53125,0.488372093,0.5625,0.55,0,7.3,0,"control",4.75,5.33,0.09,79,85,59,74,62,92,79,238,0.625
148,0,0.181818182,NA,0.125,0.255813953,0.208333333,NA,1,6.2,0,"abacus",3,3.5,0.3,74,87,89,68,90,84,75,247,0.0104166666666667
148,1,0,0.666666667,0.15625,0.325581395,0.145833333,NA,1,6.2,0,"abacus",2.88,4.08,0.32,78,82,87,69,78,78,85,224,0.354166666666667
148,2,0.363636364,0.416666667,0.34375,0.418604651,0.333333333,0.292857143,1,6.2,0,"abacus",4.42,3.75,0.17,63,78,63,67,74,83,80,224,0.5
148,3,1,0.75,0.53125,0.534883721,0.75,0.828571429,1,6.2,0,"abacus",4.42,3.83,0.09,62,75,40,70,64,86,79,218,0.708333333333333
149,0,0.363636364,0.75,0.0625,0.302325581,0.166666667,NA,0,6.6,1,"control",4.12,3.67,0.44,83,91,91,76,88,88,75,224,-0.0729166666666667
149,1,0.363636364,0.583333333,0.25,0.348837209,0.145833333,NA,0,6.6,1,"control",4.08,3.21,0.13,86,83,92,66,79,90,84,217,0.375
149,2,1,0.666666667,0.34375,0.372093023,0.25,0.407142857,0,6.6,1,"control",4.79,3.62,0.1,55,71,69,78,79,76,82,230,0.5625
149,3,1,0.583333333,0.5625,0.534883721,0.333333333,0.528571429,0,6.6,1,"control",4.58,4.92,0.12,70,71,62,82,75,86,81,213,0.645833333333333
15,0,0.363636364,0.583333333,0.125,0.302325581,0.1875,NA,0,7.1,1,"control",4.17,2.17,0.36,79,98,96,92,90,92,76,250,0.270833333333333
15,1,0.909090909,0.583333333,0.21875,0.279069767,0.1875,NA,0,7.1,1,"control",2.67,3.54,0.23,94,87,98,69,83,86,88,231,0.291666666666667
15,2,1,0.791666667,0.46875,0.465116279,0.395833333,0.378571429,0,7.1,1,"control",6.17,4,0.11,88,89,86,80,74,81,82,237,0.333333333333333
15,3,1,0.666666667,0.59375,0.604651163,0.458333333,0.442857143,0,7.1,1,"control",4.71,3.83,0.11,88,87,77,82,73,92,81,234,0.53125
151,0,0.181818182,0.416666667,0.15625,0.302325581,0.020833333,NA,0,6.4,1,"control",3.04,3.17,0.22,65,89,84,82,90,92,81,237,NA
151,1,0.363636364,0.583333333,0.28125,0.348837209,0.229166667,NA,0,6.4,1,"control",4.38,4.08,0.19,94,86,95,78,79,92,87,228,0.291666666666667
151,2,0.545454545,0.541666667,0.40625,0.395348837,0.270833333,0.242857143,0,6.4,1,"control",4.33,2.58,0.12,69,64,68,72,73,88,78,219,0.4375
151,3,0.4,0.583333333,0.4375,0.418604651,0.125,0.442857143,0,6.4,1,"control",4.08,3.12,0.18,76,77,58,78,70,92,79,206,0.375
152,0,0.363636364,0.333333333,0.21875,0.279069767,0.104166667,NA,0,6.7,0,"control",3.08,2.88,0.3,88,97,98,92,91,90,91,239,0.208333333333333
152,1,0.272727273,0.75,0.25,0.23255814,0.166666667,NA,0,6.7,0,"control",2.96,3.96,0.13,94,91,99,57,82,86,89,226,0.697916666666667
152,2,0.363636364,0.708333333,0.40625,0.418604651,0.208333333,0.342857143,0,6.7,0,"control",3.88,1.83,0.13,86,96,95,79,74,80,75,225,0.65625
152,3,0.8,0.833333333,0.65625,0.558139535,0.4375,0.407142857,0,6.7,0,"control",4.75,5.17,0.08,95,91,89,74,63,88,82,236,0.666666666666667
153,0,0.363636364,0.583333333,NA,0.255813953,0.041666667,NA,0,6.1,1,"control",1.96,1.54,0.23,40,68,38,46,89,88,76,245,-0.0416666666666667
153,1,0,0.583333333,0.15625,0.23255814,0.145833333,NA,0,6.1,1,"control",2.62,3.25,0.19,43,64,75,46,76,84,87,221,0.15625
153,2,0,0.791666667,0.3125,0.325581395,0.1875,0.357142857,0,6.1,1,"control",6.75,4.21,0.16,33,49,33,64,71,83,82,232,0.53125
153,3,0.3,0.75,0.3125,0.418604651,0.25,0.414285714,0,6.1,1,"control",3.54,3.33,0.13,33,46,33,64,63,86,79,232,0.65625
154,0,0.272727273,0.583333333,0.125,0.162790698,0.041666667,NA,0,7.2,0,"control",1.62,2.25,0.19,74,96,85,84,88,88,85,250,0.416666666666667
154,1,0.363636364,0.666666667,0.28125,0.279069767,0.145833333,NA,0,7.2,0,"control",3.33,4.12,0.1,85,91,96,80,82,88,87,230,0.458333333333333
154,2,0.909090909,0.583333333,0.34375,0.418604651,0.208333333,0.321428571,0,7.2,0,"control",4.88,5.71,0.08,81,84,84,79,75,83,90,225,0.5
154,3,1,0.708333333,0.4375,0.511627907,0.4375,0.464285714,0,7.2,0,"control",3.67,4.71,0.06,86,83,80,82,65,92,83,230,0.583333333333333
155,0,0.272727273,0.75,0.28125,0.325581395,0.333333333,NA,1,6.8,1,"abacus",2.71,3.88,0.39,98,98,100,96,88,94,85,251,0.1875
155,1,0.545454545,0.416666667,0.46875,0.441860465,0.583333333,NA,1,6.8,1,"abacus",3.5,4.33,0.1,97,97,100,91,80,92,87,239,0.395833333333333
155,2,0.818181818,0.208333333,0.5,0.465116279,0.6875,0.892857143,1,6.8,1,"abacus",2.83,1.12,0.11,94,95,97,83,79,86,88,243,0.416666666666667
155,3,1,0.541666667,0.65625,0.604651163,0.875,0.985714286,1,6.8,1,"abacus",3.96,5.21,0.09,93,95,93,86,92,92,85,239,0.4375
156,0,0.272727273,0.5,0.09375,NA,0.041666667,NA,0,8.4,0,"control",1.46,3.25,NA,76,80,89,82,90,84,80,247,-0.125
156,1,0,0.416666667,0.125,0.23255814,0.104166667,NA,0,8.4,0,"control",2.96,2.04,NA,74,60,84,62,82,82,88,232,0.239583333333333
156,2,0.545454545,0.25,0.34375,0.325581395,0.125,0.121428571,0,8.4,0,"control",1.71,4.08,NA,59,44,60,65,69,73,80,241,0.34375
156,3,0.2,0.25,0.25,0.348837209,0.229166667,0.164285714,0,8.4,0,"control",1.75,1.12,NA,42,42,39,40,66,76,81,233,0.333333333333333
157,0,0.090909091,0.666666667,0.21875,0.325581395,0.166666667,NA,0,6.5,0,"control",5.62,3.75,0.21,88,95,95,70,90,90,81,245,0.416666666666667
157,1,0.636363636,0.833333333,0.34375,0.348837209,0.104166667,NA,0,6.5,0,"control",3.54,3.79,0.13,97,94,97,88,82,84,86,233,0.625
157,2,0.818181818,0.666666667,0.4375,0.372093023,0.166666667,0.35,0,6.5,0,"control",3.17,3.08,0.11,93,94,96,84,75,76,85,233,0.5625
157,3,0.9,0.5,0.5625,0.488372093,0.416666667,0.271428571,0,6.5,0,"control",3.88,2.88,0.11,93,88,92,84,68,92,81,236,0.458333333333333
158,0,0.363636364,0.333333333,0.03125,0.069767442,0.104166667,NA,0,6,0,"control",1.17,2.62,0.61,58,85,73,56,92,82,74,250,0.15625
158,1,0.181818182,0.166666667,0.15625,0.348837209,0.1875,NA,0,6,0,"control",2.75,3.67,0.3,73,86,89,55,81,88,86,238,0.364583333333333
158,2,0.181818182,0.5,0.3125,0.372093023,0.229166667,0.271428571,0,6,0,"control",3.38,3.79,0.13,54,73,64,74,78,78,80,239,0.520833333333333
158,3,0.2,0.75,0.46875,0.372093023,0.395833333,0.371428571,0,6,0,"control",3.46,3.04,0.14,70,75,68,72,68,86,81,237,0.625
159,0,0.272727273,0.666666667,NA,0.209302326,0.083333333,NA,0,6.4,1,"control",1.75,2.08,0.32,87,92,94,82,86,90,80,251,0.354166666666667
159,1,0,0.833333333,0.15625,0.302325581,0.1875,NA,0,6.4,1,"control",2.42,2.88,0.12,91,90,99,70,82,90,89,229,0.104166666666667
159,2,0,0.416666667,0.25,0.418604651,0.270833333,0.364285714,0,6.4,1,"control",3.88,3.33,0.19,80,89,88,78,78,77,83,236,0.34375
159,3,0.9,0.416666667,0.3125,0.395348837,0.354166667,0.357142857,0,6.4,1,"control",2.04,4.5,0.16,84,66,76,74,69,90,81,235,0.53125
16,0,0.272727273,0.916666667,0.09375,0.255813953,0.1875,NA,1,7.1,0,"abacus",1.25,2.96,0.12,73,90,81,80,87,88,75,242,0.4375
16,1,0,1,0.21875,0.372093023,0.208333333,NA,1,7.1,0,"abacus",4.5,3.25,0.11,70,79,87,57,75,90,87,223,0.583333333333333
16,2,0.454545455,0.708333333,0.3125,0.372093023,0.25,0.192857143,1,7.1,0,"abacus",3.5,4.38,0.09,48,65,53,65,72,82,90,229,0.791666666666667
16,3,1,0.625,0.4375,0.395348837,0.354166667,0.35,1,7.1,0,"abacus",3.12,4.5,0.11,80,74,47,68,58,82,81,235,0.6875
160,0,0.363636364,0.75,0.09375,0.302325581,0.208333333,NA,0,6.7,0,"control",3.33,3.25,0.64,89,96,98,84,90,86,75,251,0.604166666666667
160,1,1,0.833333333,0.34375,0.418604651,0.270833333,NA,0,6.7,0,"control",5.38,4.46,0.17,93,95,98,84,85,90,85,236,0.645833333333333
160,2,0.909090909,0.625,0.40625,0.395348837,0.375,0.421428571,0,6.7,0,"control",6.58,2.5,0.15,89,97,88,80,78,80,88,240,0.697916666666667
160,3,1,0.583333333,0.34375,0.488372093,0.4375,0.442857143,0,6.7,0,"control",4.62,4.38,0.14,82,91,79,80,65,82,82,236,0.71875
161,0,0.181818182,0.583333333,0.09375,0.093023256,0.083333333,NA,1,7.3,0,"abacus",3.62,3.46,0.36,88,91,96,86,86,86,76,246,0.385416666666667
161,1,0.545454545,0.833333333,0.34375,0.395348837,0.125,NA,1,7.3,0,"abacus",2.21,2.54,0.15,87,90,83,72,75,82,85,235,0.5
161,2,0.818181818,0.583333333,0.40625,0.395348837,0.270833333,0.342857143,1,7.3,0,"abacus",3.17,2.29,0.16,74,81,87,76,71,78,74,238,0.520833333333333
161,3,1,0.416666667,0.5625,0.534883721,0.416666667,0.392857143,1,7.3,0,"abacus",3.83,3.04,0.1,88,84,82,78,72,86,82,234,0.71875
162,0,0.181818182,0.333333333,0.125,0.302325581,0.083333333,NA,0,7.2,0,"control",2.33,1.25,0.33,78,89,89,78,84,84,85,235,0.21875
162,1,0.090909091,0.5,0.21875,0.302325581,0.1875,NA,0,7.2,0,"control",2.71,3.79,0.19,65,73,76,67,76,84,88,234,0.0416666666666667
162,2,0,0.5,0.40625,0.372093023,0.229166667,0.264285714,0,7.2,0,"control",3.25,3.25,0.18,28,34,42,66,69,76,89,239,0.270833333333333
162,3,1,0.083333333,0.4375,0.488372093,0.395833333,0.392857143,0,7.2,0,"control",3.33,3.83,0.16,37,53,35,64,62,86,83,221,0.3125
163,0,0.363636364,0.666666667,0.15625,0.279069767,0.25,NA,0,6.1,1,"control",4.46,2.75,0.74,91,92,98,78,87,92,75,245,0.208333333333333
163,1,0.181818182,0.5,0.28125,0.395348837,0.270833333,NA,0,6.1,1,"control",3.21,2.08,0.12,89,93,98,74,82,82,87,234,0.135416666666667
163,2,0.181818182,0.375,0.375,0.372093023,0.208333333,0.385714286,0,6.1,1,"control",4.33,5.58,0.16,70,72,72,74,77,82,80,236,0.239583333333333
163,3,1,0.458333333,0.53125,0.534883721,0.354166667,0.421428571,0,6.1,1,"control",3.83,5.21,0.16,62,57,51,62,68,86,80,235,0.458333333333333
164,0,0.454545455,0.583333333,NA,0.162790698,0.104166667,NA,0,7.1,1,"control",3.71,4.79,0.37,80,98,92,94,91,92,76,247,0.677083333333333
164,1,0.545454545,0.833333333,0.40625,0.418604651,0.270833333,NA,0,7.1,1,"control",4.12,4.54,0.22,93,89,97,73,86,86,84,228,0.625
164,2,1,0.833333333,0.3125,0.372093023,0.3125,0.435714286,0,7.1,1,"control",4.29,4.54,0.09,70,83,75,81,89,88,89,230,0.645833333333333
164,3,1,0.833333333,0.46875,0.465116279,0.5625,0.5,0,7.1,1,"control",3.38,4.5,0.12,85,83,77,80,74,92,79,232,0.916666666666667
165,0,0.454545455,0.916666667,0.125,0.279069767,0.1875,NA,0,6.2,0,"control",2.96,4.58,0.2,73,91,72,88,91,90,81,242,0.375
165,1,1,0.916666667,0.3125,0.372093023,0.145833333,NA,0,6.2,0,"control",3.88,3.71,0.15,93,95,93,77,89,92,86,226,0.729166666666667
165,2,0.909090909,0.916666667,0.5,0.441860465,0.354166667,0.392857143,0,6.2,0,"control",4.12,4,0.12,85,85,86,87,86,87,82,231,0.885416666666667
165,3,1,0.875,0.59375,0.558139535,0.479166667,0.528571429,0,6.2,0,"control",6.33,4.58,0.1,86,96,86,78,86,86,78,234,0.9375
167,0,0.272727273,0.583333333,0.09375,0.162790698,0.104166667,NA,1,6.4,0,"abacus",1.29,1.25,0.37,82,90,92,84,91,86,86,250,0.375
167,1,0.272727273,0.166666667,0.15625,0.302325581,0.125,NA,1,6.4,0,"abacus",2.33,3.25,0.19,87,85,89,72,78,80,86,237,NA
167,2,0.727272727,0.666666667,0.21875,0.348837209,0.291666667,0.471428571,1,6.4,0,"abacus",3.62,3.21,0.12,61,66,61,66,75,79,86,240,0.572916666666667
167,3,0.9,0.541666667,0.53125,0.511627907,0.5625,0.55,1,6.4,0,"abacus",4.58,4.62,0.17,86,80,83,78,82,86,87,237,0.6875
169,0,0.454545455,0.5,0.15625,0.23255814,0.1875,NA,0,8.5,1,"control",3.12,3.58,0.44,81,86,93,78,91,82,76,239,0.239583333333333
169,1,0.363636364,0.666666667,0.25,0.325581395,0.208333333,NA,0,8.5,1,"control",3.29,4.21,0.11,88,85,94,78,81,86,86,221,0.375
169,2,0.636363636,0.333333333,0.4375,0.372093023,0.25,0.435714286,0,8.5,1,"control",4.25,1.92,0.12,75,70,68,70,74,76,69,203,0.458333333333333
169,3,0.9,0.583333333,0.5625,0.581395349,0.4375,0.457142857,0,8.5,1,"control",3.25,3.83,0.12,80,75,62,82,77,92,79,230,0.479166666666667
17,0,0.272727273,0.583333333,NA,0.255813953,0.166666667,NA,0,6.7,0,"control",1.88,2.88,NA,81,96,88,82,87,88,89,244,0.166666666666667
17,1,0.090909091,0.666666667,0.15625,0.279069767,0.145833333,NA,0,6.7,0,"control",2.92,3.17,0.18,76,77,82,71,79,86,87,217,0.59375
17,2,0.818181818,0.666666667,0.46875,0.418604651,0.354166667,0.35,0,6.7,0,"control",3.25,4.42,0.12,76,83,92,71,78,80,84,227,0.65625
17,3,1,0.583333333,0.6875,0.581395349,0.479166667,0.457142857,0,6.7,0,"control",3.79,4.5,0.13,78,93,81,82,67,82,82,228,0.770833333333333
170,0,0.363636364,0.5,0.03125,0.162790698,0.166666667,NA,0,6.1,1,"control",4.21,1.75,0.59,82,85,86,76,86,92,75,238,0.208333333333333
170,1,0.454545455,0.25,0.21875,0.209302326,0.0625,NA,0,6.1,1,"control",3.62,4.38,0.77,94,94,98,69,84,92,85,233,0.270833333333333
170,2,0.181818182,0.666666667,0.46875,0.441860465,0.3125,0.171428571,0,6.1,1,"control",2.38,4,0.25,91,88,97,72,78,73,73,242,0.5625
170,3,0.7,0.458333333,0.46875,0.395348837,0.3125,0.135714286,0,6.1,1,"control",3.17,3.92,0.45,92,79,88,62,69,82,78,238,0.6875
171,0,0.454545455,NA,0.09375,0.209302326,0.1875,NA,1,6.8,0,"abacus",1.12,1.21,0.32,86,88,85,70,89,84,86,250,0.197916666666667
171,1,0.090909091,0.166666667,0.125,0.302325581,0.145833333,NA,1,6.8,0,"abacus",3.33,2.83,0.1,90,93,97,77,81,84,87,237,0.395833333333333
171,2,0.090909091,0.416666667,0.3125,0.372093023,0.166666667,0.128571429,1,6.8,0,"abacus",3.79,3.38,0.12,39,51,43,71,81,80,88,236,0.333333333333333
171,3,0.5,0.458333333,0.3125,0.372093023,0.291666667,0.342857143,1,6.8,0,"abacus",5.08,5.17,0.09,39,59,36,66,74,82,88,230,0.604166666666667
172,0,0.181818182,0.166666667,0.09375,0.255813953,0.145833333,NA,1,6.5,0,"abacus",1.67,1.67,0.24,79,91,86,70,89,90,75,230,0.145833333333333
172,1,0.454545455,0.583333333,0.28125,0.325581395,0.25,NA,1,6.5,0,"abacus",4.62,4.88,0.15,86,88,93,77,80,84,87,229,0.34375
172,2,0.454545455,0.375,0.34375,0.395348837,0.270833333,0.328571429,1,6.5,0,"abacus",4.54,5.83,0.14,61,54,66,71,73,78,87,217,0.572916666666667
172,3,1,0.5,0.46875,0.465116279,0.291666667,0.414285714,1,6.5,0,"abacus",4.42,4.71,0.11,82,81,62,62,74,86,85,226,0.770833333333333
173,0,0.454545455,0.833333333,0.125,0.302325581,0.208333333,NA,1,6.5,0,"abacus",4.25,3.88,0.38,92,89,98,92,85,92,75,235,0.510416666666667
173,1,0.181818182,0.833333333,0.28125,0.302325581,0.25,NA,1,6.5,0,"abacus",4.29,3.08,0.16,95,87,100,81,79,92,84,223,0.364583333333333
173,2,0.181818182,0.833333333,0.5,0.395348837,0.395833333,0.335714286,1,6.5,0,"abacus",4.12,3.75,0.13,89,85,92,66,77,78,82,228,0.8125
173,3,1,0.708333333,0.5625,0.558139535,0.5625,0.542857143,1,6.5,0,"abacus",4.5,5,0.11,89,85,89,78,64,84,84,227,0.791666666666667
174,0,0.272727273,0.416666667,0.15625,0.279069767,0.125,NA,0,7.4,0,"control",3.38,3.75,0.32,86,98,93,86,88,88,76,244,0.395833333333333
174,1,0.636363636,0.666666667,0.15625,NA,0.229166667,NA,0,7.4,0,"control",3.88,3.83,0.06,72,79,83,66,80,92,88,215,0.520833333333333
174,2,0.909090909,0.625,0.375,0.372093023,0.291666667,0.292857143,0,7.4,0,"control",3.83,3.58,0.07,55,68,59,67,73,79,83,237,0.416666666666667
174,3,1,0.666666667,0.34375,0.441860465,0.354166667,0.371428571,0,7.4,0,"control",3.88,5.33,0.08,58,67,42,78,62,82,81,233,0.677083333333333
176,0,0.363636364,0.666666667,0.0625,0.209302326,0.083333333,NA,0,6.1,1,"control",2.75,1.58,0.28,67,82,80,70,91,84,76,241,0.229166666666667
176,1,0.181818182,0.5,0.09375,0.255813953,0.0625,NA,0,6.1,1,"control",2.42,2.25,0.15,75,82,87,69,79,86,85,222,0.270833333333333
176,2,0.181818182,0.541666667,0.3125,0.325581395,0.208333333,0.171428571,0,6.1,1,"control",2.58,4.08,0.2,43,53,58,70,68,75,80,229,0.458333333333333
176,3,0.4,0.541666667,0.375,0.395348837,0.270833333,0.264285714,0,6.1,1,"control",2.83,4.17,0.14,49,66,41,74,66,88,80,236,0.5625
177,0,0.363636364,0.583333333,0.09375,0.139534884,0.083333333,NA,0,6.5,0,"control",2.79,1.12,0.55,63,86,77,82,80,86,80,244,0.385416666666667
177,1,0.545454545,0.833333333,0.25,0.395348837,0.229166667,NA,0,6.5,0,"control",1.58,4,0.14,59,80,76,65,80,86,87,236,0.291666666666667
177,2,1,0.708333333,0.3125,0.348837209,0.375,0.328571429,0,6.5,0,"control",3.38,4.58,0.13,35,49,40,70,74,75,80,238,0.1875
177,3,0.9,0.75,0.375,0.488372093,0.5,0.492857143,0,6.5,0,"control",3.25,4.58,0.13,45,62,27,42,59,80,78,237,0.770833333333333
178,0,0.272727273,0.416666667,0.15625,0.209302326,0.125,NA,1,7.5,1,"abacus",2.96,2.33,0.69,75,89,80,76,88,84,80,233,0.114583333333333
178,1,0.818181818,0.5,0.375,0.372093023,0.270833333,NA,1,7.5,1,"abacus",3.21,4,0.21,91,92,90,87,80,90,87,233,0.3125
178,2,1,0.541666667,0.4375,0.465116279,0.479166667,0.442857143,1,7.5,1,"abacus",3.71,3.46,0.19,68,67,56,71,76,84,84,241,0.3125
178,3,1,0.583333333,0.5625,0.604651163,0.583333333,0.585714286,1,7.5,1,"abacus",4.17,4.58,0.26,73,82,53,66,70,88,84,236,0.635416666666667
179,0,0.363636364,0.75,0.125,0.255813953,0.1875,NA,1,6.3,1,"abacus",4.71,4.29,0.23,88,88,89,88,91,88,76,246,0.25
179,1,0.363636364,0.583333333,0.34375,0.441860465,0.208333333,NA,1,6.3,1,"abacus",3.88,4.71,0.17,91,88,98,78,84,86,87,234,0.260416666666667
179,2,1,0.5,0.4375,0.372093023,0.458333333,0.428571429,1,6.3,1,"abacus",2.96,3.46,0.09,89,79,89,80,77,80,80,240,0.416666666666667
179,3,1,0.5,0.53125,0.534883721,0.583333333,0.492857143,1,6.3,1,"abacus",4.08,4.33,0.17,82,83,62,64,87,90,81,224,0.489583333333333
18,0,0.090909091,0.416666667,NA,0.302325581,0.1875,NA,0,6.9,1,"control",3.83,2.54,0.23,91,94,92,96,90,90,76,242,-0.0104166666666667
18,1,0.545454545,0.916666667,0.3125,0.418604651,0.291666667,NA,0,6.9,1,"control",2.83,4.54,0.14,92,89,94,92,96,90,87,213,0.510416666666667
18,2,0.909090909,0.875,0.46875,0.441860465,0.416666667,0.478571429,0,6.9,1,"control",3.46,3.25,0.08,93,90,95,78,83,90,78,228,0.760416666666667
18,3,1,0.833333333,0.71875,0.627906977,0.583333333,0.6,0,6.9,1,"control",3.54,3.71,0.08,93,94,92,74,91,92,82,235,1
180,0,0.545454545,0.583333333,0.1875,0.302325581,0.291666667,NA,1,6.2,1,"abacus",4.67,4.04,0.22,83,95,91,86,91,88,75,234,0.229166666666667
180,1,0.454545455,0.833333333,0.3125,0.372093023,0.270833333,NA,1,6.2,1,"abacus",4.79,4.25,0.15,96,96,99,85,83,90,86,222,0.697916666666667
180,2,1,0.916666667,0.46875,0.465116279,0.458333333,0.535714286,1,6.2,1,"abacus",6.79,5.83,0.09,93,94,93,82,82,89,85,227,0.666666666666667
180,3,1,0.583333333,0.5625,0.465116279,0.375,0.457142857,1,6.2,1,"abacus",4.5,3.96,0.08,95,89,84,88,83,90,85,211,0.75
181,0,0.181818182,0.916666667,0.1875,0.23255814,0.1875,NA,1,6.9,0,"abacus",3.75,4.83,0.12,92,92,93,92,91,86,75,248,0.614583333333333
181,1,0.727272727,0.833333333,0.3125,0.325581395,0.1875,NA,1,6.9,0,"abacus",4.21,7.12,0.32,88,96,100,86,77,82,88,237,0.645833333333333
181,2,1,0.958333333,0.4375,0.325581395,0.354166667,0.407142857,1,6.9,0,"abacus",3.08,2.83,0.18,76,84,71,79,73,78,88,239,0.760416666666667
181,3,1,0.833333333,0.40625,0.465116279,0.333333333,0.478571429,1,6.9,0,"abacus",4.21,5.71,0.1,59,83,52,72,57,84,81,236,0.645833333333333
182,0,0,0.333333333,0.0625,0.279069767,0.083333333,NA,0,6.3,1,"control",2.38,1.71,0.22,80,88,91,90,91,86,76,244,0.0625
182,1,0.090909091,0.583333333,0.21875,0.325581395,0.125,NA,0,6.3,1,"control",2.96,2.54,0.2,75,80,95,72,81,88,86,234,0.260416666666667
182,2,0.272727273,0.458333333,0.34375,0.348837209,0.291666667,0.235714286,0,6.3,1,"control",5.29,4.96,0.09,66,63,73,73,72,77,81,232,0.614583333333333
182,3,0.6,0.666666667,0.59375,0.441860465,0.333333333,0.4,0,6.3,1,"control",4.17,2.92,0.17,71,60,45,64,66,88,83,236,0.395833333333333
183,0,0.363636364,0.5,0.03125,0.186046512,0.1875,NA,1,6.4,0,"abacus",2.46,3.29,0.36,95,93,99,78,85,84,80,244,NA
183,1,0.181818182,0.166666667,0.34375,0.348837209,0.25,NA,1,6.4,0,"abacus",3.25,2.04,0.15,96,96,100,73,81,90,89,226,-0.0208333333333333
183,2,1,0.416666667,0.375,0.395348837,0.479166667,0.371428571,1,6.4,0,"abacus",4.71,3.92,0.12,90,90,92,78,57,76,79,237,0.354166666666667
183,3,1,0.458333333,0.5625,0.558139535,0.729166667,0.642857143,1,6.4,0,"abacus",3.83,4.5,0.11,93,96,93,66,70,86,78,232,0.583333333333333
184,0,0.181818182,0.416666667,0.15625,0.162790698,0.25,NA,1,7.5,0,"abacus",3.71,1.71,NA,88,90,93,88,85,84,84,246,0.427083333333333
184,1,0,0.583333333,0.21875,0.255813953,0.166666667,NA,1,7.5,0,"abacus",3.88,3.62,0.29,94,95,97,81,75,86,84,236,0.520833333333333
184,2,0.545454545,0.708333333,0.4375,0.418604651,NA,0.328571429,1,7.5,0,"abacus",3.58,4.42,0.22,91,91,93,77,69,77,82,241,0.46875
184,3,1,0.75,0.5625,0.558139535,0.5,0.492857143,1,7.5,0,"abacus",5.29,3.33,0.12,93,91,94,66,64,88,82,236,0.625
186,0,0.272727273,0.5,0.0625,0.186046512,0.145833333,NA,1,6.2,0,"abacus",2.75,2.5,0.28,40,55,49,64,84,86,75,225,NA
186,1,0.090909091,0.666666667,0.21875,0.325581395,0.25,NA,1,6.2,0,"abacus",4.83,2,NA,68,76,75,65,79,82,88,223,0.104166666666667
186,2,0.727272727,NA,0.28125,0.325581395,0.166666667,0.057142857,1,6.2,0,"abacus",4.58,3.29,0.09,39,45,36,66,75,83,82,235,0.427083333333333
186,3,1,0.291666667,0.34375,0.395348837,0.395833333,0.414285714,1,6.2,0,"abacus",4,4.08,0.13,48,54,37,64,71,82,79,232,0.510416666666667
187,0,0.272727273,0.333333333,0.03125,0.23255814,0.104166667,NA,1,6.1,1,"abacus",1.38,1.17,0.38,44,66,58,80,91,86,79,234,0.0729166666666667
187,1,0,0.166666667,0.21875,0.348837209,0.229166667,NA,1,6.1,1,"abacus",2.25,1.67,0.23,72,76,90,68,79,94,88,214,0.0208333333333333
187,2,0.363636364,0.75,0.34375,0.348837209,0.354166667,0.285714286,1,6.1,1,"abacus",3.29,3.33,0.11,63,52,74,75,74,82,73,225,0.208333333333333
187,3,1,0.125,0.5625,0.511627907,0.520833333,0.6,1,6.1,1,"abacus",5,3.54,0.11,73,70,63,72,70,86,84,231,0.479166666666667
188,0,0.272727273,0.666666667,0.125,0.23255814,0.104166667,NA,0,7,1,"control",3.75,2.29,0.23,77,92,86,98,89,90,76,243,NA
188,1,0.363636364,0.833333333,0.21875,0.325581395,0.125,NA,0,7,1,"control",3.21,3.38,0.21,75,85,85,79,84,92,87,227,0.416666666666667
188,2,0.363636364,0.833333333,0.25,0.302325581,0.270833333,0.257142857,0,7,1,"control",3.92,5.08,0.16,52,62,55,68,80,86,68,229,0.520833333333333
188,3,0.5,0.333333333,0.375,0.348837209,0.416666667,0.4,0,7,1,"control",3.96,3.83,0.14,55,62,49,66,70,92,81,211,0.583333333333333
189,0,0.272727273,0.916666667,0.0625,0.279069767,0.145833333,NA,0,7,0,"control",3.12,4.42,0.13,89,93,97,90,91,90,80,250,0.479166666666667
189,1,0.727272727,0.666666667,0.21875,0.348837209,0.208333333,NA,0,7,0,"control",3.17,3.67,0.15,90,94,95,79,85,86,88,227,0.53125
189,2,1,0.666666667,0.28125,0.488372093,0.3125,0.385714286,0,7,0,"control",4.25,4.71,0.11,82,70,80,79,80,83,83,237,0.4375
189,3,1,0.833333333,0.65625,0.558139535,0.520833333,0.471428571,0,7,0,"control",4.5,4.29,0.09,83,86,74,74,55,90,80,214,0.895833333333333
19,0,0.181818182,0.75,0.125,0.209302326,0.166666667,NA,0,5.8,0,"control",2.29,2.21,NA,62,88,87,68,91,84,75,245,0.520833333333333
19,1,0,0.916666667,0.15625,0.302325581,0.104166667,NA,0,5.8,0,"control",2.54,3.96,0.36,63,74,57,57,81,86,87,232,0.541666666666667
19,2,0.727272727,0.708333333,0.28125,0.325581395,0.25,0.25,0,5.8,0,"control",2.67,3.17,0.29,58,80,68,68,72,68,85,238,0.4375
19,3,1,0.375,0.5,0.488372093,0.375,0.328571429,0,5.8,0,"control",3.21,5.62,0.13,83,80,67,66,61,76,80,234,0.3125
190,0,0.272727273,0.666666667,0.15625,0.162790698,0.145833333,NA,1,7,1,"abacus",2.71,4.46,0.21,88,94,93,70,89,88,79,249,0.614583333333333
190,1,0.818181818,0.833333333,0.21875,0.279069767,0.104166667,NA,1,7,1,"abacus",3.21,3.25,0.1,88,90,97,69,82,90,86,229,0.510416666666667
190,2,0.636363636,1,0.5,0.465116279,0.354166667,0.25,1,7,1,"abacus",4.38,2.54,0.15,80,75,82,76,68,80,84,236,0.458333333333333
190,3,1,0.791666667,0.46875,0.488372093,0.5625,0.464285714,1,7,1,"abacus",4.83,5.08,0.11,91,79,76,76,75,86,80,232,0.708333333333333
192,0,0.363636364,0.5,0.09375,0.209302326,0.125,NA,0,7,0,"control",3.04,2.67,0.18,62,90,61,86,91,86,80,248,0.21875
192,1,0.090909091,0.583333333,0.09375,0.255813953,0.145833333,NA,0,7,0,"control",2.67,3.67,0.11,88,88,97,65,86,86,86,231,0.302083333333333
192,2,0.545454545,0.666666667,0.375,0.465116279,0.104166667,0.378571429,0,7,0,"control",3.42,3.21,0.09,84,73,77,76,76,79,94,234,0.604166666666667
192,3,0.6,0.875,0.5,0.511627907,0.5625,0.521428571,0,7,0,"control",3.79,3.79,0.1,73,80,66,82,65,88,86,230,0.833333333333333
193,0,0.181818182,0.75,0.09375,0.279069767,0.104166667,NA,1,8.1,0,"abacus",2.29,1.54,0.17,63,81,78,74,84,86,85,231,0.40625
193,1,0.454545455,0.916666667,0.1875,0.279069767,0.104166667,NA,1,8.1,0,"abacus",3.88,3.38,0.1,77,82,77,66,80,86,85,207,0.6875
193,2,1,0.875,0.25,0.325581395,0.208333333,0.214285714,1,8.1,0,"abacus",3.96,4.58,0.12,73,51,66,73,75,80,86,225,0.760416666666667
193,3,1,0.791666667,0.375,0.441860465,0.333333333,0.292857143,1,8.1,0,"abacus",4.71,3.96,0.09,84,69,74,64,77,86,82,202,0.78125
194,0,0.181818182,0.583333333,0.0625,0.186046512,0.0625,NA,1,6,0,"abacus",2.42,1.62,0.46,73,83,85,82,89,86,75,246,NA
194,1,0,0.166666667,0.15625,0.348837209,0.208333333,NA,1,6,0,"abacus",4.21,3.88,0.18,93,83,98,58,78,86,84,233,0.229166666666667
194,2,0.181818182,0.208333333,0.3125,0.418604651,0.333333333,0.357142857,1,6,0,"abacus",4.33,4.08,0.09,85,72,81,71,80,82,80,237,0.28125
194,3,0.3,0.458333333,0.375,0.511627907,0.4375,0.514285714,1,6,0,"abacus",5.29,4.33,0.11,84,69,72,62,62,88,81,236,0.4375
195,0,0.272727273,0.083333333,0.25,0.302325581,0.291666667,NA,1,6.7,1,"abacus",3.38,3.75,0.13,87,96,94,86,88,92,81,240,-0.197916666666667
195,1,0.818181818,0.083333333,0.34375,0.418604651,0.375,NA,1,6.7,1,"abacus",4.62,3.46,0.1,98,94,99,68,76,88,87,221,0.229166666666667
195,2,1,0.583333333,0.5625,0.488372093,0.520833333,0.557142857,1,6.7,1,"abacus",4.88,3.33,0.15,92,90,90,70,74,82,78,233,0.114583333333333
195,3,1,0.625,0.65625,0.604651163,0.666666667,0.685714286,1,6.7,1,"abacus",3.88,4.25,0.07,88,84,81,84,74,86,86,228,0.5625
196,0,0.363636364,0.333333333,0.03125,0.302325581,0.0625,NA,0,6,0,"control",3.71,1.25,0.58,97,97,100,78,88,86,76,248,0.104166666666667
196,1,1,0.666666667,0.1875,0.348837209,0.25,NA,0,6,0,"control",4.33,4.12,0.16,97,98,100,83,81,82,87,235,0.25
196,2,0.909090909,0.666666667,0.4375,0.418604651,0.375,0.3,0,6,0,"control",4.92,3.12,0.12,93,93,97,82,73,79,82,240,0.3125
196,3,1,0.791666667,0.53125,0.534883721,0.5625,0.507142857,0,6,0,"control",4.58,3.25,0.1,92,90,94,78,64,82,81,219,0.625
198,0,NA,0.166666667,0.09375,0.11627907,0.104166667,NA,0,5.8,0,"control",1.96,1.25,0.35,60,69,78,74,90,84,75,243,0.322916666666667
198,1,0.090909091,0.166666667,0.21875,0.325581395,0.125,NA,0,5.8,0,"control",2.12,3.12,0.27,60,69,73,50,85,86,86,231,0.28125
198,2,0.545454545,0.541666667,0.4375,0.348837209,0.25,0.364285714,0,5.8,0,"control",3.33,3.42,0.22,41,56,37,63,68,78,82,236,0.416666666666667
198,3,0.8,0.208333333,0.46875,0.465116279,0.395833333,0.385714286,0,5.8,0,"control",2.42,4.33,0.16,52,59,35,66,60,76,82,236,0.635416666666667
199,0,0.090909091,0.583333333,0.09375,0.23255814,0.25,NA,0,7.5,0,"control",3.21,1.92,0.47,63,84,81,58,91,86,74,246,0.25
199,1,0,0.583333333,0.21875,0.348837209,0.208333333,NA,0,7.5,0,"control",3.38,5.62,0.14,48,71,61,66,80,86,86,217,0.53125
199,2,0.636363636,0.375,NA,NA,NA,0.257142857,0,7.5,0,"control",5.25,5.42,0.1,34,63,25,72,73,81,87,219,NA
199,3,0.8,0.625,0.40625,0.465116279,0.458333333,0.514285714,0,7.5,0,"control",4.04,5.83,0.11,46,70,37,40,62,86,81,226,0.666666666666667
20,0,0.363636364,0.666666667,0.125,0.23255814,0.104166667,NA,1,6.5,0,"abacus",3.08,3.46,0.16,73,88,76,72,89,84,76,245,0.40625
20,1,0.181818182,0.916666667,0.1875,0.372093023,0.1875,NA,1,6.5,0,"abacus",3.83,4.04,0.09,85,88,85,67,81,90,85,240,0.458333333333333
20,2,0.636363636,0.833333333,0.3125,0.465116279,0.291666667,0.407142857,1,6.5,0,"abacus",5.54,4.75,0.12,75,83,71,75,72,77,83,242,0.541666666666667
20,3,1,0.75,0.46875,0.488372093,0.541666667,0.471428571,1,6.5,0,"abacus",3.75,4.21,0.08,78,85,59,78,67,86,79,238,0.552083333333333
200,0,0.181818182,0.666666667,0.0625,0.186046512,0.166666667,NA,1,7.1,0,"abacus",1.29,1.12,NA,56,71,63,64,88,90,80,246,-0.0625
200,1,0.090909091,0.583333333,0.15625,0.279069767,0.083333333,NA,1,7.1,0,"abacus",2.88,4,0.14,56,62,70,66,81,60,87,229,0.479166666666667
200,2,0.545454545,0.416666667,0.34375,0.372093023,0.229166667,0.192857143,1,7.1,0,"abacus",2.08,5.67,0.16,36,54,46,71,84,79,84,241,0.583333333333333
200,3,0.2,0.333333333,0.53125,0.488372093,0.3125,0.228571429,1,7.1,0,"abacus",1.75,2.38,0.51,59,60,47,64,67,82,78,233,0.5
201,0,0.363636364,0.083333333,NA,0.255813953,NA,NA,0,7,0,"control",2.67,2.54,0.29,75,87,80,82,89,88,76,242,0.0625
201,1,0.272727273,NA,0.28125,0.325581395,0.208333333,NA,0,7,0,"control",3.25,3.21,0.11,81,86,91,51,79,90,89,236,0.291666666666667
201,2,0.727272727,0.708333333,0.28125,0.418604651,0.375,0.407142857,0,7,0,"control",4.38,3.29,0.16,63,69,86,70,72,82,89,239,0.270833333333333
201,3,0.9,0.416666667,0.5625,0.511627907,0.5625,0.557142857,0,7,0,"control",3.92,5.04,0.09,71,85,63,68,63,92,84,231,0.4375
202,0,0.181818182,0.5,0.125,0.209302326,0.104166667,NA,1,6.6,1,"abacus",2.08,1.38,0.14,82,90,85,80,91,90,81,250,0.239583333333333
202,1,0.181818182,0.666666667,0.1875,0.372093023,0.145833333,NA,1,6.6,1,"abacus",3.17,3.88,0.1,90,84,95,79,81,92,86,237,0.322916666666667
202,2,0.363636364,0.75,0.375,0.418604651,0.270833333,0.278571429,1,6.6,1,"abacus",4.75,2.67,0.2,74,69,81,78,81,83,85,241,0.4375
202,3,0.5,0.416666667,0.4375,0.418604651,0.354166667,0.414285714,1,6.6,1,"abacus",2.42,6,0.12,83,68,68,80,81,90,83,234,0.510416666666667
203,0,0.090909091,NA,0.125,0.186046512,0.083333333,NA,1,7,0,"abacus",1.25,1.21,NA,81,84,88,86,91,86,76,247,0.0833333333333333
203,1,0,0.166666667,0.28125,0.325581395,0.083333333,NA,1,7,0,"abacus",3.58,2.75,0.12,86,89,92,75,84,82,85,236,0.395833333333333
203,2,0.545454545,0.458333333,0.46875,0.488372093,0.375,0.442857143,1,7,0,"abacus",4.88,4.04,0.13,79,87,92,77,75,77,86,241,0.46875
203,3,0.9,0.541666667,0.46875,0.511627907,0.479166667,0.442857143,1,7,0,"abacus",5,3,0.13,86,87,79,66,65,86,81,234,0.5625
204,0,0.363636364,0.583333333,0.09375,0.186046512,0.0625,NA,1,6.5,0,"abacus",3.83,3.92,0.39,94,99,99,96,90,86,80,241,0.354166666666667
204,1,0.727272727,0.833333333,0.34375,0.348837209,0.1875,NA,1,6.5,0,"abacus",3.96,3,0.15,90,86,93,83,84,90,88,230,0.541666666666667
204,2,1,0.666666667,0.4375,0.325581395,0.3125,0.378571429,1,6.5,0,"abacus",3.62,3.08,0.13,80,85,74,66,77,80,86,238,0.552083333333333
204,3,1,0.458333333,0.46875,0.534883721,0.4375,0.485714286,1,6.5,0,"abacus",4.67,3.58,0.16,78,83,62,76,72,84,79,238,0.5
205,0,0.272727273,0.5,0.09375,0.11627907,0.083333333,NA,1,5.7,0,"abacus",1.54,2.25,0.56,68,79,84,68,89,84,76,242,0.1875
205,1,0,0.5,0.3125,0.302325581,0.104166667,NA,1,5.7,0,"abacus",3.96,3.92,0.2,76,69,78,49,76,85,86,232,0.385416666666667
205,2,0.181818182,0.458333333,0.34375,0.325581395,0.3125,0.335714286,1,5.7,0,"abacus",3.71,4.5,0.01,54,52,68,55,70,79,85,240,0.427083333333333
205,3,0.6,0.416666667,0.40625,0.418604651,0.395833333,0.364285714,1,5.7,0,"abacus",2.71,3.17,0.14,63,58,42,64,64,86,86,232,0.614583333333333
206,0,0,0.166666667,0.15625,0.255813953,0.166666667,NA,1,6.8,0,"abacus",3.58,3.12,0.52,58,79,73,84,89,86,79,243,0.15625
206,1,0.090909091,0.5,0.1875,0.348837209,0.145833333,NA,1,6.8,0,"abacus",4.42,4.17,0.15,73,69,77,35,79,86,87,206,-0.104166666666667
206,2,0.272727273,0.458333333,0.375,0.348837209,0.333333333,0.2,1,6.8,0,"abacus",4.46,4.5,0.1,47,62,47,75,73,75,87,235,0.0625
206,3,0.6,0.291666667,0.34375,0.348837209,0.375,0.342857143,1,6.8,0,"abacus",3.75,3.42,0.09,53,50,41,68,60,86,82,238,0.25
207,0,0.454545455,0.083333333,0.125,0.279069767,0.270833333,NA,1,6.8,0,"abacus",3.58,3.08,0.32,88,98,97,86,90,84,85,244,0.479166666666667
207,1,0.818181818,0.75,0.375,0.348837209,0.458333333,NA,1,6.8,0,"abacus",3.79,3.67,0.12,96,97,96,86,87,88,89,229,0.479166666666667
207,2,0.909090909,0.666666667,0.5,0.465116279,0.583333333,0.6,1,6.8,0,"abacus",4.5,5.12,0.11,93,88,91,74,78,78,87,235,0.416666666666667
207,3,0.8,0.416666667,0.5625,0.581395349,0.6875,0.735714286,1,6.8,0,"abacus",3.96,4,0.16,91,89,76,74,80,82,80,230,0.416666666666667
208,0,0.090909091,0.166666667,0.15625,0.186046512,0.125,NA,0,6.8,1,"control",1.83,3.5,0.22,65,79,76,80,84,90,80,244,0.270833333333333
208,1,0,0.25,0.1875,0.255813953,0.125,NA,0,6.8,1,"control",2.17,3.71,0.2,59,69,69,67,91,92,86,223,0.447916666666667
208,2,0.909090909,0.708333333,0.375,0.372093023,0.229166667,0.385714286,0,6.8,1,"control",2.17,4.71,0.09,41,51,33,74,87,75,86,221,0.5
208,3,0.1,0.458333333,0.34375,0.395348837,0.375,0.507142857,0,6.8,1,"control",3.58,4.17,0.1,53,55,33,62,70,88,80,232,0.645833333333333
209,0,0.545454545,0.833333333,0.09375,0.186046512,0.125,NA,1,6.8,0,"abacus",3.08,3.29,0.22,NA,NA,NA,NA,NA,NA,NA,NA,0.395833333333333
209,1,1,0.416666667,0.28125,0.348837209,0.354166667,NA,1,6.8,0,"abacus",4.5,3.88,0.12,75,86,86,53,77,86,85,235,0.552083333333333
209,2,0.909090909,0.958333333,0.46875,0.465116279,0.375,0.314285714,1,6.8,0,"abacus",4.96,4.75,0.11,63,85,60,72,65,80,84,236,0.645833333333333
209,3,1,0.708333333,0.5625,0.418604651,0.458333333,0.364285714,1,6.8,0,"abacus",4.29,4.58,0.08,69,88,62,76,78,84,85,237,0.729166666666667
21,0,0.272727273,0.666666667,0.125,0.23255814,0.25,NA,1,6.4,0,"abacus",2.83,4.5,0.26,85,90,90,76,87,88,81,244,0.25
21,1,0.454545455,0.583333333,0.375,0.325581395,0.354166667,NA,1,6.4,0,"abacus",2.83,4.62,0.1,89,96,92,78,79,88,89,240,0.25
21,2,1,0.583333333,0.5625,0.441860465,0.583333333,0.542857143,1,6.4,0,"abacus",3.46,4.62,0.22,80,79,82,71,77,78,87,243,0.5625
21,3,1,0.166666667,0.5,0.488372093,0.729166667,0.585714286,1,6.4,0,"abacus",4.5,4.62,0.08,82,80,67,80,64,88,80,238,0.4375
210,0,0.545454545,0.666666667,0.03125,0.186046512,0.104166667,NA,0,5.7,0,"control",2.88,1.58,0.57,NA,NA,NA,NA,NA,NA,NA,NA,0.458333333333333
210,1,0.636363636,0.75,0.25,0.302325581,0.125,NA,0,5.7,0,"control",3.25,3.5,0.13,39,67,60,46,77,86,89,226,0.59375
210,2,0.909090909,0.791666667,0.375,0.395348837,0.375,0.3,0,5.7,0,"control",7.17,3.08,0.13,34,67,43,64,72,77,79,237,0.552083333333333
210,3,0.9,0.75,0.21875,0.395348837,0.354166667,0.385714286,0,5.7,0,"control",4.12,3.79,0.13,39,63,34,60,56,84,81,229,0.645833333333333
211,0,0.272727273,0.333333333,0.15625,0.279069767,0.25,NA,0,NA,NA,"control",4.79,3.21,0.32,NA,NA,NA,NA,NA,NA,NA,NA,0.333333333333333
211,1,0.181818182,0.5,0.34375,0.441860465,0.25,NA,0,NA,NA,"control",4.62,2.92,0.28,92,89,98,72,79,86,88,237,0.166666666666667
211,2,0.363636364,0.375,0.375,0.418604651,0.354166667,0.385714286,0,NA,NA,"control",4.83,3.33,0.32,84,83,82,74,75,77,82,242,0.322916666666667
211,3,0.5,0.75,0.5625,0.465116279,0.4375,0.457142857,0,NA,NA,"control",3.92,4.04,0.12,87,74,87,62,64,84,79,239,0.354166666666667
212,0,0.363636364,0.583333333,0.1875,0.302325581,0.145833333,NA,0,NA,NA,"control",3,3.33,NA,NA,NA,NA,NA,NA,NA,NA,NA,0.375
212,1,0.181818182,0.166666667,0.3125,0.23255814,0.145833333,NA,0,NA,NA,"control",2.92,4.62,0.12,85,92,96,62,81,86,87,227,0.229166666666667
212,2,0.545454545,0.5,0.4375,0.395348837,0.270833333,0.507142857,0,NA,NA,"control",4.67,3.54,0.13,70,74,69,73,72,80,88,244,0.145833333333333
212,3,0.5,0.708333333,0.625,0.511627907,0.604166667,0.592857143,0,NA,NA,"control",3.67,5.96,0.1,74,71,60,80,73,88,81,235,0.520833333333333
213,0,0.363636364,0.083333333,0.125,0.23255814,0.125,NA,0,NA,NA,"control",1.25,1.83,NA,NA,NA,NA,NA,NA,NA,NA,NA,0.354166666666667
213,1,0,0.333333333,0.15625,0.255813953,0.104166667,NA,0,NA,NA,"control",2.29,1.75,0.18,69,69,79,59,77,82,88,232,0.40625
213,2,0.090909091,0.458333333,0.25,0.348837209,0.166666667,0.192857143,0,NA,NA,"control",2.75,3.92,0.1,46,61,54,74,70,79,92,234,0.270833333333333
213,3,0.1,0.333333333,0.28125,0.372093023,0.1875,0.05,0,NA,NA,"control",3.21,5.33,0.1,41,59,35,70,68,78,81,238,0.385416666666667
215,0,NA,0.25,0.09375,0.186046512,0.145833333,NA,0,NA,NA,"control",3,2.38,0.29,NA,NA,NA,NA,NA,NA,NA,NA,0.1875
215,1,0.090909091,0.583333333,0.125,0.255813953,0.166666667,NA,0,NA,NA,"control",2.46,1.92,0.21,66,80,74,64,85,90,85,209,0.25
215,2,0.181818182,0.458333333,0.1875,0.302325581,0.020833333,0.121428571,0,NA,NA,"control",3.67,NA,0.15,61,59,69,72,70,78,78,208,0.416666666666667
215,3,0.8,0.625,0.40625,0.418604651,0.1875,0.078571429,0,NA,NA,"control",4,3.58,0.16,82,73,56,76,74,90,85,233,0.666666666666667
22,0,0.363636364,0.583333333,0.09375,0.302325581,0.145833333,NA,0,5.8,1,"control",2.92,3,0.45,87,91,94,66,91,92,75,249,0.197916666666667
22,1,0.181818182,0.5,0.1875,0.348837209,0.229166667,NA,0,5.8,1,"control",3.29,3.04,0.12,85,89,96,65,84,92,89,210,0.208333333333333
22,2,0.545454545,0.708333333,0.4375,0.465116279,NA,0.442857143,0,5.8,1,"control",3.38,5.04,0.14,82,80,84,80,69,84,86,234,0.520833333333333
22,3,0.9,0.625,0.625,0.511627907,0.354166667,0.45,0,5.8,1,"control",4.67,4.12,0.13,82,88,75,62,73,88,84,212,0.729166666666667
23,0,0.454545455,NA,0.09375,0.11627907,0.083333333,NA,1,6.9,0,"abacus",4.04,4.25,0.29,76,92,89,78,87,84,75,246,0.291666666666667
23,1,0,0.25,0.1875,0.255813953,0.166666667,NA,1,6.9,0,"abacus",1.62,3.21,0.15,73,82,73,59,80,82,86,234,0.135416666666667
23,2,0.090909091,0.166666667,0.15625,0.325581395,0.1875,0.214285714,1,6.9,0,"abacus",2.88,4.83,0.12,34,63,39,64,66,70,74,225,0.208333333333333
23,3,0.8,0.333333333,0.34375,0.465116279,0.3125,0.371428571,1,6.9,0,"abacus",3.54,4.25,0.09,33,57,33,64,63,82,85,210,0.5625
24,0,0.363636364,0.666666667,0.15625,0.279069767,0.166666667,NA,1,6.9,1,"abacus",3.46,4.38,0.15,96,99,98,90,90,92,85,245,0.583333333333333
24,1,0.363636364,0.583333333,0.21875,0.325581395,0.229166667,NA,1,6.9,1,"abacus",3.21,4.5,0.08,98,96,99,88,84,92,86,217,0.5
24,2,1,0.708333333,0.5,0.465116279,0.333333333,0.45,1,6.9,1,"abacus",3,3.5,0.23,86,90,89,83,74,85,77,219,0.645833333333333
24,3,1,0.708333333,0.5625,0.581395349,0.416666667,0.528571429,1,6.9,1,"abacus",6.62,4.62,0.13,85,87,66,42,70,88,85,198,0.458333333333333
25,0,0,0.5,0.21875,0.255813953,0.083333333,NA,1,6.6,1,"abacus",4.21,2.58,0.65,80,88,90,72,91,88,75,242,0.28125
25,1,0.181818182,0.583333333,0.25,0.302325581,0.104166667,NA,1,6.6,1,"abacus",3.83,2.38,0.15,96,92,100,80,83,88,85,240,0.395833333333333
25,2,0.181818182,0.791666667,0.40625,0.441860465,0.333333333,0.421428571,1,6.6,1,"abacus",4.17,3.88,0.1,81,67,82,86,79,81,78,230,0.3125
25,3,1,0.583333333,0.59375,0.488372093,0.604166667,0.471428571,1,6.6,1,"abacus",3.92,3.79,0.11,89,89,82,76,88,84,85,234,0.604166666666667
26,0,0.636363636,0.666666667,0.25,0.325581395,0.291666667,NA,0,7.7,0,"control",3.96,4.62,0.15,88,97,97,86,89,86,76,248,0.53125
26,1,0.909090909,0.916666667,0.40625,0.372093023,0.4375,NA,0,7.7,0,"control",2.58,3.5,0.14,96,92,98,67,81,88,86,227,0.65625
26,2,0.818181818,0.833333333,0.46875,0.465116279,0.479166667,0.528571429,0,7.7,0,"control",4.17,4.38,0.1,87,92,90,78,70,77,80,227,0.604166666666667
26,3,0.9,0.791666667,0.65625,0.627906977,0.5,0.592857143,0,7.7,0,"control",3.96,3.71,0.09,86,89,72,44,63,84,91,218,0.864583333333333
27,0,0.181818182,0.083333333,0.0625,0.139534884,0.020833333,NA,0,6.3,1,"control",2.58,1.54,0.52,57,76,75,72,91,86,76,213,0.0833333333333333
27,1,0,0.083333333,0.15625,0.255813953,0.083333333,NA,0,6.3,1,"control",3.42,3.42,0.1,60,73,71,35,85,82,88,228,0.0520833333333333
27,2,0.181818182,0.041666667,0.34375,0.372093023,0.229166667,0.257142857,0,6.3,1,"control",4.25,3.96,0.07,61,59,66,74,79,76,90,229,0.291666666666667
27,3,0.3,0.166666667,0.625,0.302325581,0.395833333,0.407142857,0,6.3,1,"control",5.54,4.46,0.13,60,66,49,64,71,88,80,220,0.520833333333333
28,0,0,0.166666667,NA,0.186046512,0.083333333,NA,1,6.8,1,"abacus",1.58,1.46,0.41,71,89,78,84,91,90,74,245,0.322916666666667
28,1,0,0.166666667,0.1875,0.302325581,0.083333333,NA,1,6.8,1,"abacus",3.88,2.71,0.19,72,81,85,52,82,86,87,237,0.354166666666667
28,2,0.363636364,0.5,0.375,0.279069767,0.166666667,0.307142857,1,6.8,1,"abacus",4.5,5.25,0.15,53,63,51,73,74,76,83,239,0.322916666666667
28,3,0.1,0.5,0.4375,0.465116279,0.291666667,0.4,1,6.8,1,"abacus",4.5,4.38,0.17,70,57,55,64,69,86,80,238,0.458333333333333
29,0,0.181818182,0.583333333,0.0625,0.186046512,0.104166667,NA,0,6.1,0,"control",2.71,2.17,0.47,41,74,58,62,88,88,80,231,0.270833333333333
29,1,0,0.166666667,0.25,0.302325581,0.166666667,NA,0,6.1,0,"control",3.58,3.25,0.2,76,74,89,73,79,90,87,229,0.166666666666667
29,2,0.363636364,0.458333333,0.34375,0.348837209,0.270833333,0.2,0,6.1,0,"control",3.83,3.54,0.11,68,45,74,72,74,77,86,233,0.1875
29,3,0.8,0.375,0.40625,0.302325581,0.291666667,0.4,0,6.1,0,"control",4.12,4.67,0.12,76,58,50,82,65,88,81,231,0.333333333333333
30,0,0.181818182,NA,0.15625,0.279069767,0.104166667,NA,0,6.5,0,"control",2.21,4.21,NA,77,92,88,82,90,86,79,243,0.5
30,1,0.181818182,0.833333333,0.21875,0.302325581,0.270833333,NA,0,6.5,0,"control",3.5,3.83,0.21,92,90,99,79,84,88,85,234,0.645833333333333
30,2,0.818181818,0.791666667,0.40625,0.465116279,0.354166667,0.442857143,0,6.5,0,"control",2.83,3.58,0.19,85,75,92,77,75,76,85,238,0.572916666666667
30,3,1,0.583333333,0.59375,0.558139535,0.395833333,0.485714286,0,6.5,0,"control",3.33,4.38,0.16,89,82,80,82,63,88,80,232,0.458333333333333
33,0,0.454545455,0.583333333,NA,0.279069767,0.291666667,NA,1,6.9,1,"abacus",4,4.38,0.47,90,93,97,66,89,90,80,239,0.229166666666667
33,1,0.454545455,0.5,0.28125,0.348837209,0.083333333,NA,1,6.9,1,"abacus",5.46,3.71,0.13,87,81,86,71,84,88,89,189,0.208333333333333
33,2,1,0.541666667,0.3125,0.418604651,0.354166667,0.342857143,1,6.9,1,"abacus",4.75,3.92,0.14,94,83,90,75,73,72,56,210,0.625
33,3,1,0.625,0.46875,0.418604651,0.458333333,0.464285714,1,6.9,1,"abacus",4.29,5.38,0.21,90,83,86,76,70,86,78,230,0.479166666666667
34,0,0.454545455,0.75,0.1875,0.209302326,0.270833333,NA,0,5.8,1,"control",2.83,2.71,0.33,93,94,96,90,89,92,76,247,0.270833333333333
34,1,0.454545455,0.666666667,0.15625,0.302325581,0.145833333,NA,0,5.8,1,"control",4.33,3.17,0.17,98,90,99,82,80,90,87,231,0.583333333333333
34,2,1,0.291666667,0.375,0.418604651,0.208333333,0.357142857,0,5.8,1,"control",4.62,3.46,0.15,82,87,87,81,83,78,81,239,0.395833333333333
34,3,0.8,0.583333333,0.53125,0.441860465,0.479166667,0.514285714,0,5.8,1,"control",4.88,3.79,0.08,81,71,72,62,73,90,80,237,0.708333333333333
35,0,0.636363636,0.583333333,0.21875,0.302325581,0.208333333,NA,1,7.6,0,"abacus",2.38,3.79,0.36,80,89,82,88,91,92,89,243,0.458333333333333
35,1,0.636363636,0.5,0.3125,0.395348837,0.354166667,NA,1,7.6,0,"abacus",3.29,2.33,0.26,86,93,93,63,78,60,86,232,0.166666666666667
35,2,0.818181818,0.583333333,0.46875,0.465116279,0.354166667,0.535714286,1,7.6,0,"abacus",2.88,2.71,0.18,67,85,60,75,81,82,84,240,0.3125
35,3,1,0.5,0.625,0.558139535,0.604166667,0.664285714,1,7.6,0,"abacus",2.58,3.38,0.12,71,86,52,70,65,90,92,227,0.645833333333333
37,0,0.363636364,0.583333333,0.21875,0.302325581,0.1875,NA,0,7.5,0,"control",2.08,3.08,0.13,89,97,96,82,89,88,80,237,0.0833333333333333
37,1,0.272727273,0.583333333,0.28125,0.325581395,0.25,NA,0,7.5,0,"control",3.08,3,0.12,90,96,100,68,89,90,87,227,0.166666666666667
37,2,1,0.625,0.34375,0.348837209,0.3125,0.335714286,0,7.5,0,"control",3.54,3.75,0.12,91,87,92,67,77,81,83,236,0.333333333333333
37,3,1,0.583333333,0.40625,0.511627907,0.395833333,NA,0,7.5,0,"control",4.46,3.38,0.19,85,86,78,78,71,88,83,224,0.458333333333333
38,0,0.272727273,0.5,0.09375,0.186046512,0.104166667,NA,1,7.1,0,"abacus",2.96,2.71,0.15,85,91,94,58,85,84,81,245,0.458333333333333
38,1,0,0.25,0.15625,0.279069767,0.270833333,NA,1,7.1,0,"abacus",2.75,3.71,NA,83,91,97,73,79,84,86,220,0.416666666666667
38,2,0.545454545,0.75,0.34375,0.348837209,0.354166667,0.392857143,1,7.1,0,"abacus",3.33,3.96,0.1,63,74,71,60,74,76,87,216,0.583333333333333
38,3,1,0.375,0.53125,0.488372093,0.458333333,0.478571429,1,7.1,0,"abacus",5.5,3.54,0.14,62,73,50,74,62,82,82,207,0.604166666666667
39,0,0.181818182,0.833333333,0.09375,0.302325581,0.166666667,NA,1,7.2,0,"abacus",3.71,5,0.26,97,96,100,94,90,90,85,240,0.354166666666667
39,1,0.272727273,0.833333333,0.1875,0.372093023,0.208333333,NA,1,7.2,0,"abacus",4.21,2.88,0.17,98,97,100,87,83,88,88,235,0.4375
39,2,0.909090909,0.666666667,0.5,0.441860465,0.479166667,0.342857143,1,7.2,0,"abacus",5.21,3.21,0.12,97,92,99,80,76,77,77,235,0.5625
39,3,0.9,0.708333333,0.65625,0.558139535,0.604166667,0.542857143,1,7.2,0,"abacus",5.46,4.46,0.07,93,92,91,82,69,86,78,239,0.625
4,0,0.363636364,0.666666667,0.09375,0.209302326,0.145833333,NA,0,7.5,0,"control",3.25,2.96,0.33,76,83,67,90,90,90,80,243,0.40625
4,1,0.272727273,0.916666667,0.21875,0.279069767,0.125,NA,0,7.5,0,"control",3.04,2.96,0.13,51,69,67,62,93,92,88,228,0.385416666666667
4,2,0,0.666666667,0.1875,0.302325581,0.1875,0.142857143,0,7.5,0,"control",3,4.29,0.15,25,38,42,44,75,85,71,219,0.583333333333333
4,3,0.6,0.458333333,0.375,0.441860465,0.291666667,0.207142857,0,7.5,0,"control",4.25,4.33,0.21,38,63,33,80,64,90,83,224,0.5625
40,0,0.363636364,0.083333333,0.09375,NA,0.104166667,NA,0,6.3,0,"control",1.88,2.58,0.71,85,88,95,62,83,84,75,249,0.395833333333333
40,1,0.090909091,0.75,0.34375,0.325581395,0.229166667,NA,0,6.3,0,"control",2.71,3.46,0.29,90,91,98,58,82,88,85,235,0.479166666666667
40,2,0.181818182,0.625,0.375,0.395348837,0.375,0.292857143,0,6.3,0,"control",3.12,3.54,0.07,81,71,87,74,69,85,81,238,0.583333333333333
40,3,0.8,0.666666667,0.4375,0.488372093,0.5625,0.4,0,6.3,0,"control",3.46,2.54,0.11,91,87,84,78,68,90,84,237,0.5625
41,0,0.181818182,NA,0.125,0.23255814,0.083333333,NA,0,6.2,0,"control",2.88,2.12,0.52,59,69,66,77,87,86,76,187,0.1875
41,1,0,NA,0.25,0.325581395,0.0625,NA,0,6.2,0,"control",3.21,2.38,0.16,73,83,95,64,85,86,88,205,0.416666666666667
41,2,0.545454545,0.708333333,0.28125,0.372093023,0.25,0.135714286,0,6.2,0,"control",3.17,3.75,0.16,70,68,78,71,69,73,67,211,0.6875
41,3,1,0.291666667,0.40625,0.441860465,0.4375,0.414285714,0,6.2,0,"control",5.38,4.71,0.21,65,73,50,70,64,82,83,186,0.729166666666667
42,0,0.636363636,0.916666667,NA,0.162790698,0.0625,NA,1,7.3,0,"abacus",2.83,4.54,0.3,72,88,79,64,85,90,80,246,0.3125
42,1,0,1,0.21875,0.325581395,0.208333333,NA,1,7.3,0,"abacus",4.17,4,0.19,81,78,83,60,75,86,85,229,0.375
42,2,0.272727273,0.416666667,0.25,0.418604651,0.229166667,0.1,1,7.3,0,"abacus",4.04,3.29,0.18,69,62,64,64,73,82,92,233,0.395833333333333
42,3,0.3,0.458333333,0.40625,0.395348837,0.333333333,0.15,1,7.3,0,"abacus",3.38,5.29,NA,75,69,56,64,58,86,81,235,0.53125
43,0,0.636363636,0.5,0.21875,0.186046512,0.104166667,NA,1,5.7,0,"abacus",3.12,3.92,NA,89,98,94,84,90,88,79,244,0.385416666666667
43,1,0.545454545,NA,0.15625,0.302325581,0.270833333,NA,1,5.7,0,"abacus",3.46,3.88,0.19,92,97,97,83,80,82,86,236,0.489583333333333
43,2,0.909090909,0.541666667,0.375,0.441860465,0.583333333,0.528571429,1,5.7,0,"abacus",3.83,5.79,0.18,77,85,83,73,78,76,80,234,0.458333333333333
43,3,1,0.458333333,0.625,0.558139535,0.875,0.921428571,1,5.7,0,"abacus",2.67,5,0.18,91,93,87,78,66,86,82,231,0.645833333333333
44,0,0.272727273,0.083333333,NA,0.302325581,0.1875,NA,1,6.1,1,"abacus",1.67,1.62,0.39,93,93,96,80,92,86,75,244,0.21875
44,1,0.363636364,0.166666667,0.21875,0.279069767,0.208333333,NA,1,6.1,1,"abacus",4.12,3.96,0.14,97,93,97,82,74,86,88,223,0.0833333333333333
44,2,0.363636364,0.541666667,0.3125,0.372093023,0.270833333,0.114285714,1,6.1,1,"abacus",4.29,2.96,0.21,90,85,96,74,78,78,70,230,0.145833333333333
44,3,0.9,0.458333333,0.5,0.465116279,0.541666667,0.421428571,1,6.1,1,"abacus",3.5,3,0.13,93,87,84,76,62,86,78,234,0.4375
45,0,0.272727273,0.25,0.03125,0.255813953,0.041666667,NA,0,6.2,0,"control",1.58,1.79,0.24,60,80,70,70,91,84,76,236,0.135416666666667
45,1,0,0.666666667,0.21875,0.255813953,0.104166667,NA,0,6.2,0,"control",4.5,3.5,0.1,55,67,67,44,87,88,85,190,0.458333333333333
45,2,0.363636364,0.416666667,0.3125,0.325581395,0.208333333,0.2,0,6.2,0,"control",4.21,3.42,0.22,38,45,45,54,60,68,64,205,0.3125
45,3,0.3,0.375,0.53125,0.465116279,0.208333333,0.228571429,0,6.2,0,"control",4.46,4.04,0.08,50,47,27,64,67,84,84,210,0.28125
46,0,0.363636364,0.416666667,NA,0.279069767,0.083333333,NA,0,6.2,0,"control",3.42,3.67,0.48,43,87,45,70,90,88,81,242,0.395833333333333
46,1,0.090909091,0.416666667,0.1875,0.279069767,0.104166667,NA,0,6.2,0,"control",2.75,2.92,0.34,35,59,52,54,84,84,88,231,0.489583333333333
46,2,0.363636364,0.25,0.21875,0.255813953,0.125,0.085714286,0,6.2,0,"control",2.75,3.5,0.15,16,35,15,58,67,72,76,215,0.583333333333333
46,3,0.2,0.5,0.25,0.23255814,0.0625,0.092857143,0,6.2,0,"control",3.42,4.25,0.16,NA,NA,NA,NA,NA,NA,NA,NA,0.395833333333333
47,0,0.363636364,0.416666667,0.15625,0.162790698,0.041666667,NA,0,5.8,1,"control",2.75,3.54,0.37,60,86,75,62,87,84,74,239,0.479166666666667
47,1,0.363636364,0.583333333,0.28125,0.325581395,0.166666667,NA,0,5.8,1,"control",4.25,3.54,0.14,92,94,97,55,83,86,88,229,0.5
47,2,0.818181818,0.666666667,0.4375,0.488372093,0.270833333,0.392857143,0,5.8,1,"control",3.92,3.33,0.11,95,92,94,77,79,79,83,231,0.4375
47,3,0.8,0.291666667,0.6875,0.581395349,0.625,0.521428571,0,5.8,1,"control",5.25,3.42,0.11,93,91,89,74,79,92,80,220,0.625
48,0,0.363636364,0.583333333,0.15625,0.255813953,0.145833333,NA,1,7.1,0,"abacus",4.12,3.33,0.64,91,92,98,72,90,92,75,242,0.0625
48,1,0.636363636,0.5,0.28125,0.302325581,0.1875,NA,1,7.1,0,"abacus",5.54,3.96,0.18,93,94,97,60,79,85,89,230,0.395833333333333
48,2,1,0.833333333,0.59375,0.511627907,0.333333333,0.321428571,1,7.1,0,"abacus",5.08,3.42,0.17,96,83,92,66,73,75,78,234,0.5625
48,3,1,0.625,0.625,0.581395349,0.458333333,0.457142857,1,7.1,0,"abacus",4.83,3.38,0.14,91,88,92,64,71,90,85,224,0.760416666666667
49,0,0.363636364,0.583333333,NA,0.255813953,0.145833333,NA,1,6.4,0,"abacus",3.21,2.83,0.23,43,72,53,76,87,88,80,241,0.333333333333333
49,1,0.272727273,0.333333333,0.1875,0.325581395,0.145833333,NA,1,6.4,0,"abacus",2.5,2.83,0.1,64,68,60,68,81,82,85,236,0.3125
49,2,0.454545455,0.416666667,0.3125,0.395348837,0.208333333,0.107142857,1,6.4,0,"abacus",3.79,3.67,0.12,53,45,51,69,73,77,76,230,0.5625
49,3,0.5,0.458333333,0.375,0.441860465,0.3125,0.414285714,1,6.4,0,"abacus",3,3.62,0.09,63,59,40,72,69,88,82,231,0.802083333333333
5,0,0,0.666666667,0.0625,0.209302326,0.145833333,NA,0,7.3,0,"control",3.5,2.38,NA,61,82,77,64,86,84,85,227,0.114583333333333
5,1,0.454545455,0.333333333,0.15625,0.255813953,0.083333333,NA,0,7.3,0,"control",3.79,2.42,0.15,58,74,69,61,80,88,87,217,0.541666666666667
5,2,0.454545455,0.125,0.28125,0.348837209,0.145833333,0.207142857,0,7.3,0,"control",3.79,2.96,0.11,48,57,47,67,70,71,82,220,0.375
5,3,0.9,0.5,0.375,0.441860465,0.354166667,0.385714286,0,7.3,0,"control",4.38,4.08,0.14,53,69,35,68,59,82,83,204,0.5
50,0,0.272727273,0.5,0.09375,0.279069767,0.145833333,NA,1,6.1,0,"abacus",2.67,2.29,0.32,91,96,97,84,89,92,75,250,0.416666666666667
50,1,0.363636364,0.75,0.34375,0.348837209,0.25,NA,1,6.1,0,"abacus",3.71,3.21,0.24,92,96,99,81,81,86,85,235,0.354166666666667
50,2,0.636363636,0.708333333,0.375,0.441860465,0.458333333,0.414285714,1,6.1,0,"abacus",3.71,4.08,0.08,90,88,94,82,74,82,93,241,0.5625
50,3,0.7,0.625,0.59375,0.511627907,0.541666667,0.435714286,1,6.1,0,"abacus",3.08,4.29,0.11,92,82,83,82,64,90,79,238,0.583333333333333
51,0,0.181818182,0.166666667,NA,0.209302326,0.1875,NA,1,5.6,0,"abacus",2.29,2.46,0.41,73,83,86,90,88,88,80,243,0.260416666666667
51,1,0,0.166666667,0.09375,0.302325581,0.208333333,NA,1,5.6,0,"abacus",2.67,2.67,0.27,91,82,98,72,75,86,84,238,0.270833333333333
51,2,0.090909091,0.791666667,0.21875,0.302325581,0.3125,0.242857143,1,5.6,0,"abacus",4.08,3.88,0.16,81,78,79,78,76,75,83,237,0.510416666666667
51,3,1,0.458333333,0.40625,0.488372093,0.520833333,0.45,1,5.6,0,"abacus",3.92,3.62,0.17,83,78,85,68,58,82,85,236,0.364583333333333
52,0,0.272727273,0.666666667,0.1875,0.255813953,0.145833333,NA,1,5.9,1,"abacus",2.92,1.42,0.42,35,85,47,38,90,90,80,246,0.46875
52,1,0.454545455,0.916666667,0.25,0.325581395,0.145833333,NA,1,5.9,1,"abacus",4.71,3.92,0.28,49,74,50,49,82,82,87,230,0.53125
52,2,1,0.75,0.46875,0.488372093,0.291666667,0.3,1,5.9,1,"abacus",5.71,4.58,0.13,46,55,34,60,70,72,79,229,0.614583333333333
52,3,1,0.625,0.65625,0.581395349,0.541666667,0.435714286,1,5.9,1,"abacus",4.83,3.96,0.15,52,82,47,64,72,86,80,220,0.520833333333333
53,0,0.181818182,0.333333333,0.125,0.23255814,0.125,NA,1,6.2,0,"abacus",2.21,1.83,0.55,87,90,95,76,89,88,76,241,0.145833333333333
53,1,0.363636364,0.583333333,0.21875,0.302325581,0.125,NA,1,6.2,0,"abacus",2.58,3.75,0.2,91,86,93,78,75,86,87,237,0.333333333333333
53,2,0,0.375,0.375,0.348837209,0.270833333,0.092857143,1,6.2,0,"abacus",3.79,4.08,0.22,70,70,86,71,81,78,82,240,NA
53,3,1,0.333333333,0.375,0.418604651,0.375,0.342857143,1,6.2,0,"abacus",4.75,4.21,0.24,71,69,61,72,68,86,83,233,0.572916666666667
54,0,0.545454545,0.583333333,0.15625,0.325581395,0.270833333,NA,0,6.4,0,"control",3.12,4.25,0.32,97,95,99,90,91,88,93,248,0.427083333333333
54,1,0.727272727,0.833333333,0.3125,0.395348837,0.1875,NA,0,6.4,0,"control",4.33,4.25,0.2,95,91,97,86,81,88,92,232,0.520833333333333
54,2,0.727272727,0.958333333,0.46875,0.418604651,0.375,0.378571429,0,6.4,0,"control",3.54,3.58,0.12,93,72,96,79,77,82,86,242,0.833333333333333
54,3,1,0.791666667,0.65625,0.534883721,0.604166667,0.521428571,0,6.4,0,"control",5.75,4.75,0.24,91,90,83,84,57,82,86,231,0.895833333333333
56,0,0.181818182,0.25,0.125,0.139534884,0.1875,NA,1,7.2,0,"abacus",1.29,2.21,0.23,66,78,74,52,89,90,85,229,0.125
56,1,0,0.25,0.15625,0.279069767,0.125,NA,1,7.2,0,"abacus",2.54,1.79,0.11,75,71,73,60,93,86,86,237,0.135416666666667
56,2,1,0.5,0.15625,0.302325581,0.125,0.192857143,1,7.2,0,"abacus",3.29,2.38,0.11,36,64,33,71,82,71,90,237,0.395833333333333
56,3,0.5,0.458333333,0.3125,0.372093023,0.208333333,0.228571429,1,7.2,0,"abacus",2.71,3.38,0.12,43,47,33,62,62,86,79,226,0.458333333333333
58,0,0.454545455,0.75,0.1875,0.279069767,0.25,NA,0,6.3,1,"control",1.96,1.38,0.36,85,98,90,82,91,84,81,248,0.166666666666667
58,1,0.909090909,0.833333333,0.34375,0.372093023,0.145833333,NA,0,6.3,1,"control",4.08,3.12,0.18,94,96,96,82,84,90,88,228,0.427083333333333
58,2,1,0.541666667,0.5,0.418604651,0.125,0.3,0,6.3,1,"control",4,4.17,0.09,87,88,88,77,83,80,77,236,0.4375
58,3,1,0.708333333,0.65625,0.534883721,0.625,0.414285714,0,6.3,1,"control",4.58,4.75,0.21,88,82,72,80,88,84,79,237,0.604166666666667
59,0,1,0.583333333,0.0625,0.11627907,0.020833333,NA,0,7.9,0,"control",2.75,1.58,0.71,54,50,62,80,90,82,75,234,0.135416666666667
59,1,0.090909091,0.5,0.09375,0.209302326,0.041666667,NA,0,7.9,0,"control",3.83,2.88,NA,61,52,67,60,85,80,87,230,0.197916666666667
59,2,0,0.291666667,0.3125,0.302325581,NA,0.064285714,0,7.9,0,"control",2.71,1.54,NA,41,25,41,55,66,54,68,227,0.104166666666667
59,3,0,0.041666667,0.09375,0.255813953,0.145833333,0.042857143,0,7.9,0,"control",4,1.75,0.59,50,33,37,68,50,76,83,232,0.239583333333333
6,0,NA,0.083333333,NA,0.162790698,NA,NA,0,6.9,0,"control",1.71,1.46,NA,34,62,66,46,87,84,74,219,0.166666666666667
6,1,0,0.5,0.0625,0.162790698,0.0625,NA,0,6.9,0,"control",2.33,2.04,0.14,43,37,50,51,79,86,89,221,0.333333333333333
6,2,0,0.166666667,0.09375,0.139534884,0,0.121428571,0,6.9,0,"control",2.75,2.54,0.14,33,33,26,69,76,77,87,230,0.427083333333333
6,3,0.1,0.208333333,0.125,0.162790698,0.104166667,0,0,6.9,0,"control",3.5,3.04,0.09,33,31,46,64,65,84,81,207,0.395833333333333
60,0,0.181818182,0.75,NA,0.255813953,0.125,NA,1,6.6,0,"abacus",2.67,2.12,0.41,69,95,81,88,90,82,75,241,0.208333333333333
60,1,0.272727273,0.666666667,0.1875,0.279069767,0.104166667,NA,1,6.6,0,"abacus",4.17,6.12,0.14,81,84,91,68,76,88,87,218,0.104166666666667
60,2,0.363636364,0.458333333,0.375,0.372093023,0.291666667,0.435714286,1,6.6,0,"abacus",4.12,4.29,0.14,57,64,63,70,74,75,78,224,0.635416666666667
60,3,0.4,0.666666667,0.4375,0.418604651,0.479166667,0.471428571,1,6.6,0,"abacus",4.33,5.58,0.09,75,71,64,66,61,82,85,236,0.479166666666667
62,0,0.272727273,0.583333333,0.0625,0.209302326,0.0625,NA,1,5.8,0,"abacus",2.75,2.38,0.27,51,64,64,66,86,82,76,241,0.208333333333333
62,1,0.090909091,0.416666667,0.1875,0.302325581,0.104166667,NA,1,5.8,0,"abacus",2.75,3.25,0.24,60,70,70,68,78,85,87,227,0.333333333333333
62,2,0.363636364,0.541666667,0.3125,0.395348837,0.229166667,0.35,1,5.8,0,"abacus",3.5,4.21,0.14,52,63,51,70,77,78,83,236,0.395833333333333
62,3,0.6,0.625,0.3125,0.441860465,0.3125,0.328571429,1,5.8,0,"abacus",3.83,3.79,0.12,58,62,39,76,68,90,89,225,0.458333333333333
63,0,0.363636364,0.5,0.15625,0.186046512,0.104166667,NA,1,6.3,1,"abacus",3.92,3.04,0.32,98,100,100,86,91,92,86,247,0.135416666666667
63,1,0.909090909,0.666666667,0.34375,0.372093023,0.25,NA,1,6.3,1,"abacus",4,3.5,0.21,98,96,99,90,85,96,86,229,0.302083333333333
63,2,1,0.458333333,0.375,0.395348837,0.416666667,0.292857143,1,6.3,1,"abacus",3.88,3.96,0.12,91,92,97,85,79,82,79,237,0.333333333333333
63,3,1,0.666666667,0.5625,0.511627907,0.541666667,0.528571429,1,6.3,1,"abacus",3.75,4.21,0.11,92,92,98,78,89,94,86,225,0.458333333333333
64,0,0.272727273,0.666666667,NA,0.255813953,0.291666667,NA,0,6.5,1,"control",3.33,2.29,NA,67,92,84,70,91,86,81,242,0.177083333333333
64,1,0.090909091,0.583333333,0.15625,0.279069767,0.166666667,NA,0,6.5,1,"control",3.58,3.67,0.1,94,93,97,76,81,90,85,231,0.270833333333333
64,2,0.272727273,0.375,0.375,0.441860465,0.3125,0.285714286,0,6.5,1,"control",3.67,3.29,0.17,68,68,66,75,75,79,83,236,0.520833333333333
64,3,1,0.25,0.46875,0.418604651,0.395833333,0.421428571,0,6.5,1,"control",2.71,4,0.09,76,74,62,86,75,92,78,231,0.375
65,0,0.454545455,0.75,0.1875,0.23255814,0.145833333,NA,1,6.8,1,"abacus",4.5,4.29,0.14,90,91,96,82,89,92,76,228,0.416666666666667
65,1,0.090909091,0.416666667,0.125,0.302325581,0.229166667,NA,1,6.8,1,"abacus",5.17,3.54,0.21,96,89,97,80,79,90,87,206,0.520833333333333
65,2,0.363636364,0.416666667,0.3125,0.395348837,0.354166667,0.3,1,6.8,1,"abacus",4.29,4.04,0.08,80,64,79,73,73,82,83,204,0.666666666666667
65,3,0.4,0.375,0.40625,0.465116279,0.416666667,0.485714286,1,6.8,1,"abacus",4.25,4.58,0.09,72,66,70,68,79,92,83,202,0.770833333333333
66,0,0.363636364,0.666666667,0.21875,0.162790698,0.229166667,NA,1,6.2,0,"abacus",3.92,4.29,0.46,32,74,37,46,85,84,80,233,0.385416666666667
66,1,0,0.583333333,0.25,0.348837209,0.25,NA,1,6.2,0,"abacus",5.21,4.33,0.14,68,78,67,59,79,90,85,230,0.479166666666667
66,2,0.727272727,0.375,0.46875,0.465116279,0.520833333,0.342857143,1,6.2,0,"abacus",4.08,6.54,0.11,51,66,50,75,68,74,86,213,0.458333333333333
66,3,0.9,0.625,0.5,0.441860465,0.520833333,0.542857143,1,6.2,0,"abacus",5.25,5.33,0.07,63,76,33,74,76,82,85,211,0.625
67,0,0.181818182,0.166666667,0.03125,0.209302326,0.083333333,NA,0,6.3,0,"control",2.25,1.42,NA,47,67,54,76,88,86,79,246,0.15625
67,1,0,0.083333333,0.125,0.279069767,0,NA,0,6.3,0,"control",3.17,1.62,0.16,43,49,35,61,80,90,84,229,0.15625
67,2,0,0.458333333,0.25,0.302325581,0.083333333,0.035714286,0,6.3,0,"control",2.54,1.75,0.16,14,17,19,58,72,78,84,229,0.3125
67,3,0.1,0.458333333,0.15625,0.325581395,0.083333333,0.135714286,0,6.3,0,"control",3.92,2.42,0.25,NA,NA,NA,NA,NA,NA,NA,NA,0.104166666666667
68,0,0,0.5,0.15625,0.209302326,0.125,NA,0,6.3,1,"control",2.83,2.54,0.1,79,89,85,88,84,90,74,242,0.666666666666667
68,1,0,0.833333333,0.25,0.395348837,0.208333333,NA,0,6.3,1,"control",3.12,4.46,0.21,83,87,95,81,85,90,88,222,0.479166666666667
68,2,0.181818182,0.833333333,0.25,0.395348837,0.291666667,0.164285714,0,6.3,1,"control",4.38,4.46,0.11,67,81,66,78,80,73,86,223,0.5
68,3,0.9,0.916666667,0.4375,0.534883721,0.291666667,0.464285714,0,6.3,1,"control",4.5,4.12,0.1,73,72,60,78,83,92,79,231,0.729166666666667
69,0,0.363636364,0.166666667,0.09375,NA,0.125,NA,0,7.2,0,"control",1.25,1.46,NA,83,93,86,78,91,84,74,245,0.28125
69,1,0.090909091,0.666666667,0.28125,0.418604651,0.125,NA,0,7.2,0,"control",3.67,3.38,0.11,86,89,94,65,84,84,87,226,0.5625
69,2,0.090909091,0.416666667,0.375,0.418604651,0.375,0.321428571,0,7.2,0,"control",4.12,3.58,0.11,88,71,88,57,79,74,72,222,0.291666666666667
69,3,0.4,0.583333333,0.5,0.534883721,0.3125,0.378571429,0,7.2,0,"control",4.5,3.96,0.11,91,84,87,68,73,90,78,235,0.666666666666667
7,0,0.090909091,0.833333333,NA,0.139534884,0.020833333,NA,0,7.2,0,"control",1.42,1.25,0.33,66,84,83,56,87,84,75,222,0.46875
7,1,0.090909091,0.333333333,0.09375,0.279069767,0.020833333,NA,0,7.2,0,"control",1.83,3.79,0.26,80,85,86,69,80,86,85,215,0.0625
7,2,0,0.166666667,0.15625,0.302325581,0.104166667,0.35,0,7.2,0,"control",3.29,1.58,0.32,47,40,59,55,72,72,88,220,0.1875
7,3,0,0.5,0.46875,0.395348837,0.291666667,0.428571429,0,7.2,0,"control",3.67,4.71,0.14,73,62,59,68,64,92,86,200,0.291666666666667
70,0,0.090909091,0.5,0.09375,0.186046512,0.145833333,NA,1,6.7,1,"abacus",2,2.04,0.39,87,92,94,82,90,88,85,243,0.291666666666667
70,1,0,0.583333333,0.1875,0.302325581,0.083333333,NA,1,6.7,1,"abacus",3.12,2.54,0.23,89,83,92,72,80,86,85,230,0.447916666666667
70,2,0,0.458333333,0.4375,0.395348837,0.270833333,0.407142857,1,6.7,1,"abacus",3,2.88,0.13,70,72,70,66,74,78,85,224,0.8125
70,3,0.2,0.541666667,0.53125,0.488372093,0.354166667,0.521428571,1,6.7,1,"abacus",3.92,4.83,0.2,70,75,55,66,72,90,83,211,0.614583333333333
71,0,0.454545455,0.5,0.125,0.325581395,0.1875,NA,1,7.1,1,"abacus",3.08,3.67,0.42,83,93,90,94,91,90,76,234,0.25
71,1,0.090909091,0.666666667,0.25,0.302325581,0.208333333,NA,1,7.1,1,"abacus",3.75,4.96,0.37,92,89,99,81,84,90,88,232,0.677083333333333
71,2,0.909090909,0.75,0.4375,0.395348837,0.291666667,0.235714286,1,7.1,1,"abacus",4.83,3.5,0.14,88,75,84,80,83,81,79,236,0.802083333333333
71,3,1,0.625,0.5625,0.581395349,0.5625,0.4,1,7.1,1,"abacus",2.83,4.33,0.1,86,88,77,78,75,90,80,229,0.895833333333333
72,0,0.090909091,0.666666667,0.09375,0.255813953,0.1875,NA,1,7.2,1,"abacus",2.5,3.88,0.4,95,100,98,94,89,86,80,243,0.270833333333333
72,1,0.272727273,0.75,0.3125,0.348837209,0.229166667,NA,1,7.2,1,"abacus",3.88,3.58,0.11,85,89,100,86,78,88,85,222,0.3125
72,2,1,0.333333333,0.46875,0.465116279,0.604166667,0.542857143,1,7.2,1,"abacus",4.62,3.29,0.11,92,88,94,85,67,81,79,234,0.229166666666667
72,3,1,0.291666667,0.65625,0.604651163,0.729166667,0.592857143,1,7.2,1,"abacus",3.17,4.12,0.09,92,91,86,84,75,90,81,236,0.583333333333333
73,0,0.272727273,0.75,0.09375,0.162790698,0.083333333,NA,0,6.2,0,"control",2.62,3.79,0.38,28,60,40,56,86,84,79,221,0.479166666666667
73,1,0.181818182,0.416666667,0.15625,0.325581395,0.104166667,NA,0,6.2,0,"control",3.17,4.17,0.13,71,75,79,62,80,86,86,219,0.53125
73,2,0.909090909,0.583333333,0.28125,0.302325581,0.229166667,0.25,0,6.2,0,"control",3.67,4.25,0.08,49,57,46,71,63,76,73,226,0.572916666666667
73,3,1,0.541666667,0.34375,0.395348837,0.354166667,0.414285714,0,6.2,0,"control",3.42,6.29,0.14,50,59,36,64,62,90,83,223,0.65625
74,0,0.181818182,0.583333333,0.09375,0.255813953,0.104166667,NA,0,6.4,0,"control",4.25,2.79,0.78,90,93,96,78,90,84,74,247,0.197916666666667
74,1,0.545454545,0.583333333,0.21875,0.348837209,0.145833333,NA,0,6.4,0,"control",4.38,4.08,0.28,93,91,98,53,80,82,86,235,0.125
74,2,0.363636364,0.708333333,0.4375,0.395348837,0.270833333,0.278571429,0,6.4,0,"control",3.38,4.08,0.11,94,92,97,76,71,75,87,236,0.520833333333333
74,3,1,0.625,0.59375,0.558139535,0.416666667,0.464285714,0,6.4,0,"control",4.17,3.96,0.11,91,91,86,76,68,92,83,234,0.625
75,0,0.545454545,0.916666667,0.125,0.302325581,0.25,NA,1,7.5,1,"abacus",4.17,3.79,0.16,96,97,98,96,88,92,80,246,0.479166666666667
75,1,0.818181818,1,0.3125,0.348837209,0.208333333,NA,1,7.5,1,"abacus",5.21,2.71,0.14,96,97,99,46,83,86,85,221,0.28125
75,2,1,0.791666667,0.53125,0.465116279,0.458333333,0.407142857,1,7.5,1,"abacus",5.17,3.5,0.1,91,94,93,79,81,87,86,230,0.145833333333333
75,3,1,0.875,0.59375,0.558139535,0.5,0.528571429,1,7.5,1,"abacus",5,5.88,0.08,84,86,78,72,77,86,83,214,0.645833333333333
76,0,0.090909091,0.5,0.15625,0.302325581,0.1875,NA,0,6.8,1,"control",4.12,2.79,0.28,82,92,87,78,90,90,79,245,0.291666666666667
76,1,0.454545455,0.666666667,0.28125,0.325581395,0.25,NA,0,6.8,1,"control",3.88,3,0.19,93,94,98,84,87,88,86,233,0.40625
76,2,0.272727273,0.541666667,0.4375,0.465116279,0.354166667,0.328571429,0,6.8,1,"control",3.92,2.25,0.16,92,90,94,80,81,84,77,242,0.447916666666667
76,3,1,0.75,0.625,0.558139535,0.541666667,0.478571429,0,6.8,1,"control",3.79,4.46,0.16,91,90,87,68,74,90,80,234,0.489583333333333
79,0,0.090909091,0.583333333,0.15625,0.302325581,0.166666667,NA,0,6.4,1,"control",3.46,4.04,0.32,96,97,98,94,91,84,76,245,0.302083333333333
79,1,0.909090909,0.5,0.34375,0.395348837,0.104166667,NA,0,6.4,1,"control",3.88,3.71,0.15,98,96,100,88,83,88,88,232,0.71875
79,2,1,0.75,0.46875,0.441860465,0.333333333,0.342857143,0,6.4,1,"control",4.17,4.12,0.12,91,85,96,81,79,75,82,233,0.864583333333333
79,3,0.9,0.75,0.6875,0.558139535,0.583333333,0.435714286,0,6.4,1,"control",3.83,5.29,0.1,93,91,87,86,72,92,81,233,0.770833333333333
8,0,0.090909091,0.166666667,0.03125,0.162790698,0.020833333,NA,0,5.9,1,"control",4.25,1.5,NA,72,78,92,82,88,88,75,232,0.322916666666667
8,1,0.090909091,0.166666667,0.09375,0.255813953,0,NA,0,5.9,1,"control",2.75,1.25,0.02,80,64,86,70,83,86,88,229,0.270833333333333
8,2,0,0.333333333,0.40625,0.395348837,0.125,0.228571429,0,5.9,1,"control",3.83,1.33,0.57,73,79,64,72,79,75,74,232,0.0208333333333333
8,3,0,0.458333333,0.40625,0.325581395,0.291666667,0.407142857,0,5.9,1,"control",3.54,3.75,0.39,68,48,47,68,69,86,82,221,0.458333333333333
80,0,0,0.416666667,0.09375,0.162790698,0.0625,NA,0,7.1,0,"control",1.42,1.38,NA,69,81,70,72,86,84,79,250,0
80,1,0,0.333333333,0.15625,0.255813953,0.083333333,NA,0,7.1,0,"control",2.79,2,0.23,77,72,87,61,77,84,85,234,0.270833333333333
80,2,0.363636364,0.416666667,0.3125,0.348837209,0.3125,0.05,0,7.1,0,"control",3.21,2.21,0.13,59,47,61,66,69,79,83,241,0.375
80,3,0.9,0.166666667,0.25,0.418604651,0.3125,0.4,0,7.1,0,"control",3,2.96,0.11,65,51,63,72,57,84,84,234,0.5
81,0,0.272727273,0.583333333,0.0625,0.162790698,0.104166667,NA,1,6.7,1,"abacus",2.5,2.92,NA,73,89,86,36,87,86,76,244,0.270833333333333
81,1,0.454545455,0.416666667,0.1875,0.302325581,0.208333333,NA,1,6.7,1,"abacus",3.38,2.92,0.78,73,76,89,50,77,84,87,220,0.0625
81,2,0.909090909,0.541666667,0.28125,0.348837209,0.208333333,0.242857143,1,6.7,1,"abacus",1.92,2.21,0.26,50,46,58,70,65,77,76,232,0
81,3,0.9,0.208333333,0.34375,0.395348837,0.125,0.135714286,1,6.7,1,"abacus",4.04,4.12,0.36,60,46,36,76,67,82,79,231,0.104166666666667
82,0,0.363636364,0.166666667,0.125,0.186046512,0.1875,NA,1,6.5,0,"abacus",1.71,2.75,NA,78,98,80,82,91,88,85,243,0.614583333333333
82,1,0,0.583333333,0.1875,0.23255814,0.145833333,NA,1,6.5,0,"abacus",6.17,3.75,0.19,82,91,89,65,81,84,87,224,0.583333333333333
82,2,0.909090909,0.708333333,0.4375,0.372093023,0.291666667,0.307142857,1,6.5,0,"abacus",3.83,4.79,0.13,43,74,49,70,69,86,85,229,0.854166666666667
82,3,1,0.208333333,0.5,0.465116279,0.625,0.657142857,1,6.5,0,"abacus",4.29,4.38,0.14,39,68,33,64,72,90,81,215,0.895833333333333
83,0,0.545454545,0.583333333,0.0625,0.186046512,0.083333333,NA,0,6.8,0,"control",2.5,1.25,0.37,58,79,82,50,83,80,75,232,-0.0833333333333333
83,1,0,0.25,0.09375,0.209302326,0.083333333,NA,0,6.8,0,"control",3.25,1.62,0.21,36,60,43,50,82,84,86,218,0.208333333333333
83,2,0.545454545,0.416666667,0.28125,0.23255814,0.0625,0.235714286,0,6.8,0,"control",4.62,2.54,0.11,28,35,43,71,68,75,73,224,0.270833333333333
83,3,0,0.208333333,0.21875,0.395348837,0.125,0.35,0,6.8,0,"control",3.83,3.67,0.08,28,33,33,64,61,80,82,215,0.364583333333333
84,0,0.454545455,NA,NA,0.162790698,0.125,NA,1,6.5,0,"abacus",3.46,3.08,0.32,75,82,81,74,90,84,75,244,0.375
84,1,0,0.166666667,0.15625,0.325581395,0.208333333,NA,1,6.5,0,"abacus",3.88,3.5,0.08,80,82,90,52,77,86,84,213,0.3125
84,2,0.363636364,0.333333333,0.21875,0.372093023,0.270833333,0.385714286,1,6.5,0,"abacus",4.12,4.79,0.16,63,64,72,70,72,78,83,195,0.145833333333333
84,3,1,0.375,0.40625,0.372093023,0.208333333,0.414285714,1,6.5,0,"abacus",2.88,4.38,0.07,45,44,42,66,59,84,79,220,0.583333333333333
85,0,0.454545455,0.666666667,0.09375,0.255813953,0.270833333,NA,1,6.6,0,"abacus",2.96,1.33,0.39,49,73,73,84,84,80,75,239,0.104166666666667
85,1,0.090909091,0.416666667,0.15625,0.325581395,0.125,NA,1,6.6,0,"abacus",5.04,2.58,0.17,67,78,79,61,78,82,88,231,0.166666666666667
85,2,0.363636364,0.208333333,0.28125,0.325581395,0.208333333,0.228571429,1,6.6,0,"abacus",3.33,3.96,0.15,53,68,53,73,73,77,82,234,0.104166666666667
85,3,0.8,0.25,0.40625,0.372093023,0.291666667,0.278571429,1,6.6,0,"abacus",2.62,3.75,0.16,46,53,33,66,70,84,80,232,0.354166666666667
86,0,0,0.666666667,0.1875,0.279069767,0.0625,NA,0,6.6,0,"control",2.12,2.92,0.67,57,81,65,64,86,86,76,240,0.229166666666667
86,1,0.090909091,0.5,0.28125,0.325581395,0.125,NA,0,6.6,0,"control",2.75,3.04,0.18,74,83,81,68,76,86,87,234,0.3125
86,2,0.454545455,0.541666667,0.25,0.255813953,0.125,0.1,0,6.6,0,"control",3.04,3.5,0.23,41,38,52,71,70,83,77,234,0.333333333333333
86,3,0.7,0.333333333,0.1875,0.372093023,0.0625,0.1,0,6.6,0,"control",4.96,2.04,0.12,44,49,38,70,61,82,82,236,0.520833333333333
87,0,0.454545455,0.416666667,0.125,0.279069767,0.166666667,NA,0,7,1,"control",3.75,4.38,NA,72,85,81,74,87,84,74,251,0.302083333333333
87,1,0.363636364,0.666666667,0.25,0.302325581,0.104166667,NA,0,7,1,"control",3.79,4.04,0.17,78,85,90,61,84,88,84,224,0.364583333333333
87,2,0.454545455,0.916666667,0.3125,0.372093023,0.3125,0.214285714,0,7,1,"control",3.79,4.12,0.2,80,78,72,74,72,76,81,242,0.479166666666667
87,3,0.9,0.708333333,0.46875,0.418604651,0.270833333,0.221428571,0,7,1,"control",5.08,4.42,0.16,78,79,63,76,70,86,82,232,0.583333333333333
88,0,0.272727273,0.5,0.0625,0.209302326,0.104166667,NA,0,6.6,1,"control",3.29,2.12,NA,69,84,79,58,88,88,75,245,0.3125
88,1,0,0.583333333,0.3125,0.325581395,0.145833333,NA,0,6.6,1,"control",2.5,2.42,0.2,72,82,86,54,84,86,85,227,0.395833333333333
88,2,0,0.333333333,0.40625,0.302325581,0.333333333,0.164285714,0,6.6,1,"control",3.17,5,0.17,68,63,70,75,63,85,68,217,0.354166666666667
88,3,0.4,0.5,0.375,0.395348837,0.4375,0.235714286,0,6.6,1,"control",3.08,2.38,0.13,71,64,55,84,74,92,82,231,0.677083333333333
89,0,0.272727273,0.5,0.15625,0.255813953,0.25,NA,0,7.4,0,"control",4.25,4.21,0.22,88,98,96,84,93,92,89,232,0.520833333333333
89,1,0.818181818,0.916666667,0.34375,0.395348837,0.125,NA,0,7.4,0,"control",3.46,4.88,0.11,88,88,96,84,88,88,87,233,0.583333333333333
89,2,1,0.875,0.59375,0.441860465,0.354166667,0.45,0,7.4,0,"control",3.79,3.96,0.1,76,95,80,75,86,89,91,232,0.791666666666667
89,3,1,0.875,0.65625,0.581395349,0.479166667,0.485714286,0,7.4,0,"control",3.33,4.58,0.16,79,92,74,82,73,92,89,224,0.802083333333333
9,0,0.363636364,0.166666667,0.03125,0.139534884,0.083333333,NA,0,5.9,1,"control",3.46,2.46,0.22,85,90,98,76,90,82,75,225,0.21875
9,1,0,0.5,0.1875,0.279069767,0.125,NA,0,5.9,1,"control",2.67,3.96,0.17,81,73,89,75,83,86,88,230,0.25
9,2,0,0.333333333,0.3125,0.395348837,0.208333333,0.3,0,5.9,1,"control",3.96,3.96,0.26,79,79,74,72,76,76,79,237,0.21875
9,3,0.3,0.25,0.40625,0.511627907,0.416666667,0.457142857,0,5.9,1,"control",3.25,4.17,0.17,76,59,55,68,68,82,81,223,0.71875
90,0,0.272727273,NA,0.03125,0.162790698,0.083333333,NA,0,6.8,0,"control",3.25,1.29,0.44,68,79,76,80,89,86,75,242,0.125
90,1,0.090909091,0.75,0.21875,0.325581395,0.0625,NA,0,6.8,0,"control",2.83,1.96,0.21,74,74,80,65,79,92,85,229,0.197916666666667
90,2,0.090909091,0.75,0.375,0.348837209,0.25,0.235714286,0,6.8,0,"control",2.21,1.92,0.13,62,61,72,78,77,82,84,235,0.635416666666667
90,3,0.3,0.5,0.46875,0.418604651,0.291666667,0.292857143,0,6.8,0,"control",3,3.21,0.13,63,69,54,70,58,90,84,228,0.572916666666667
91,0,0.272727273,0.833333333,0.09375,0.255813953,0.166666667,NA,1,6.2,1,"abacus",4.12,2.08,0.39,81,95,81,80,89,88,85,247,0.458333333333333
91,1,0.090909091,0.833333333,0.3125,0.348837209,0.229166667,NA,1,6.2,1,"abacus",3.83,2.5,0.11,93,86,96,80,82,92,87,231,0.427083333333333
91,2,0.090909091,0.208333333,0.25,0.395348837,0.291666667,0.328571429,1,6.2,1,"abacus",3.96,3.5,0.18,79,76,80,76,76,77,74,235,0.1875
91,3,0.1,0.458333333,0.34375,0.372093023,0.375,0.342857143,1,6.2,1,"abacus",4.75,3.46,0.1,76,81,70,78,84,88,83,231,0.6875
92,0,0.363636364,0.833333333,0.1875,0.302325581,0.1875,NA,1,6.1,0,"abacus",3.29,2.71,0.5,94,95,97,80,87,88,80,246,0.583333333333333
92,1,0.363636364,0.75,0.21875,0.325581395,0.083333333,NA,1,6.1,0,"abacus",6.38,3.21,0.18,94,95,98,86,80,84,86,235,0.71875
92,2,0.727272727,0.708333333,0.3125,0.372093023,0.208333333,0.242857143,1,6.1,0,"abacus",4.17,3.92,0.12,89,79,88,69,76,76,77,232,0.583333333333333
92,3,0.9,0.791666667,0.375,0.488372093,0.5,0.335714286,1,6.1,0,"abacus",3.96,3.75,0.12,86,79,78,72,66,86,80,237,0.8125
93,0,0.181818182,0.416666667,NA,0.302325581,0.1875,NA,0,7,1,"control",4.33,4.04,0.13,51,73,65,50,85,84,76,234,0.0520833333333333
93,1,0.727272727,0.5,0.21875,0.348837209,0.208333333,NA,0,7,1,"control",4.75,2.79,0.12,88,90,92,61,85,88,89,208,0.416666666666667
93,2,1,0.666666667,0.375,0.418604651,0.333333333,0.378571429,0,7,1,"control",4.67,4.83,0.1,56,49,52,69,75,79,71,219,0.510416666666667
93,3,0.9,0.625,0.5625,0.534883721,0.354166667,0.478571429,0,7,1,"control",5.75,5.38,0.09,60,60,43,78,71,90,83,222,0.541666666666667
94,0,0.090909091,0.333333333,NA,0.186046512,0.0625,NA,0,6.8,0,"control",3.08,2.75,0.68,66,79,75,78,89,86,75,238,0.09375
94,1,0,NA,0.1875,0.279069767,0.125,NA,0,6.8,0,"control",3.96,3.08,0.14,73,78,87,74,77,90,88,216,0.166666666666667
94,2,0.090909091,0.5,0.28125,0.348837209,0.1875,0.171428571,0,6.8,0,"control",4.21,4.88,0.11,72,52,61,71,73,70,76,222,0.625
94,3,0,0.25,0.3125,0.372093023,0.354166667,0.485714286,0,6.8,0,"control",3.96,3.5,0.17,67,65,55,70,60,86,80,222,0.625
95,0,0,0.583333333,0.0625,0.162790698,0.166666667,NA,0,7,0,"control",1.62,3.92,0.75,68,74,79,52,88,82,76,240,NA
95,1,0,0.166666667,0.09375,0.186046512,0.083333333,NA,0,7,0,"control",3.54,4.25,0.13,60,74,79,68,81,88,89,227,0
95,2,0.090909091,0.666666667,0.21875,0.325581395,0.3125,0.157142857,0,7,0,"control",4.29,6,0.26,27,33,34,67,71,68,81,231,0.239583333333333
95,3,0.1,0.458333333,0.34375,0.372093023,0.291666667,0.478571429,0,7,0,"control",4.08,4.38,0.24,37,40,37,68,62,84,80,227,0.395833333333333
96,0,0.181818182,0.416666667,0.15625,0.302325581,0.229166667,NA,0,7.3,1,"control",2.54,1.75,0.34,87,94,94,70,90,86,80,242,0.166666666666667
96,1,0.909090909,0.666666667,0.25,0.395348837,0.125,NA,0,7.3,1,"control",4.67,4.25,0.22,93,92,98,73,82,82,87,239,0.125
96,2,1,0.625,0.4375,0.395348837,0.3125,0.228571429,0,7.3,1,"control",3.62,3.5,0.2,90,88,88,79,75,78,74,226,0.333333333333333
96,3,1,0.666666667,0.5625,0.534883721,0.395833333,0.357142857,0,7.3,1,"control",3.25,5.12,0.11,93,87,84,78,76,90,82,238,0.375
97,0,0.272727273,0.083333333,0.09375,0.186046512,0.166666667,NA,1,7.4,0,"abacus",4,2.08,0.42,94,93,100,80,89,82,90,236,0.09375
97,1,0.363636364,0.75,0.3125,0.372093023,0.270833333,NA,1,7.4,0,"abacus",6,3.04,0.17,92,92,98,78,77,90,90,232,0.333333333333333
97,2,0.545454545,0.458333333,0.34375,0.395348837,0.270833333,0.457142857,1,7.4,0,"abacus",3.92,3.96,0.19,83,72,84,78,72,80,93,227,0.0625
97,3,0.9,0.541666667,0.46875,0.441860465,0.395833333,0.371428571,1,7.4,0,"abacus",5.12,3.96,0.14,75,71,63,68,66,88,80,220,0.291666666666667
98,0,0.363636364,0.583333333,0.125,0.209302326,0.25,NA,0,6.1,1,"control",3.08,3.38,0.38,94,97,98,66,91,88,75,250,0.09375
98,1,0.363636364,0.75,0.375,0.325581395,0.125,NA,0,6.1,1,"control",3.75,3.83,0.23,96,96,100,82,83,86,84,236,0.5625
98,2,0.454545455,0.791666667,0.5,0.488372093,0.354166667,0.407142857,0,6.1,1,"control",3.46,3.71,0.16,88,90,83,72,76,71,73,237,0.166666666666667
98,3,1,0.708333333,0.625,0.558139535,0.4375,0.421428571,0,6.1,1,"control",3.58,4.21,0.1,88,88,76,68,70,84,81,236,0.708333333333333
99,0,0.363636364,0.666666667,0.0625,0.302325581,0.208333333,NA,1,6.8,0,"abacus",3.25,2.04,0.15,95,98,98,82,89,84,75,251,0.375
99,1,1,0.666666667,0.34375,0.372093023,0.208333333,NA,1,6.8,0,"abacus",4.08,4.17,0.14,94,94,100,80,81,82,89,233,0.239583333333333
99,2,1,0.791666667,0.5,0.441860465,0.458333333,0.442857143,1,6.8,0,"abacus",3.88,3.75,0.13,93,97,96,83,75,74,89,242,0.28125
99,3,0.9,0.75,0.5625,0.604651163,0.604166667,0.55,1,6.8,0,"abacus",3.29,2.5,0.09,95,91,94,74,70,84,83,239,0.65625
